title,url,date
"Video: Korban Meninggal Gempa NTT Jadi 103 Orang, 1.666 Luka-luka",https://20.detik.com/detikupdate/20260825-260825032/video-korban-meninggal-gempa-ntt-jadi-103-orang-1666-luka-luka,"
1 jam yang lalu "
"Diviralkan Wawancara Gempa NTT dari Kafe, Pejabat BNPB Ungkap Faktanya",https://news.detik.com/berita/d-8634106/diviralkan-wawancara-gempa-ntt-dari-kafe-pejabat-bnpb-ungkap-faktanya,"
1 jam yang lalu "
"Dokumen Warga Hilang Pascagempa, Dukcapil Buka Layanan Gratis",https://news.detik.com/berita/d-8634043/dokumen-warga-hilang-pascagempa-dukcapil-buka-layanan-gratis,"
2 jam yang lalu "
Dukcapil Turunkan 6 Tim untuk Pulihkan Dokumen Warga di 7 Kabupaten NTT,https://news.detik.com/berita/d-8634041/dukcapil-turunkan-6-tim-untuk-pulihkan-dokumen-warga-di-7-kabupaten-ntt,"
2 jam yang lalu "
"Update Gempa NTT: 103 Korban Tewas, 185 Ribu Orang Masih Mengungsi",https://news.detik.com/berita/d-8633936/update-gempa-ntt-103-korban-tewas-185-ribu-orang-masih-mengungsi,"
3 jam yang lalu "
"Pemprov Jatim & Bank Jatim Salurkan Bantuan Senilai Rp 3,2 Miliar ke NTT",https://news.detik.com/berita/d-8633485/pemprov-jatim-bank-jatim-salurkan-bantuan-senilai-rp-3-2-miliar-ke-ntt,"
10 jam yang lalu "
4 Hal Diketahui Jelang LRT Velodrome-Manggarai Diresmikan,https://news.detik.com/berita/d-8633416/4-hal-diketahui-jelang-lrt-velodrome-manggarai-diresmikan,"
11 jam yang lalu "
