title,url,date
"6 Perusahaan Dijatuhi Sanksi Imbas Karhutla di Kalbar, 1 Dibekukan Izinnya",https://news.detik.com/berita/d-8633326/6-perusahaan-dijatuhi-sanksi-imbas-karhutla-di-kalbar-1-dibekukan-izinnya,"
Senin, 24 Agu 2026 23:51 WIB "
"Habitat Satwa Terdampak Imbas Karhutla di Kalbar, 3 Orang Utan Dievakuasi",https://news.detik.com/berita/d-8633298/habitat-satwa-terdampak-imbas-karhutla-di-kalbar-3-orang-utan-dievakuasi,"
Senin, 24 Agu 2026 22:52 WIB "
Herman Deru Pastikan Penanganan Karhutla di Sumsel Terus Diperkuat,https://news.detik.com/berita/d-8633286/herman-deru-pastikan-penanganan-karhutla-di-sumsel-terus-diperkuat,"
Senin, 24 Agu 2026 22:32 WIB "
"Diapresiasi Prabowo, Kapolda Riau: Ini Kerja Bersama, Fokus Kami Padamkan Api",https://news.detik.com/melindungi-tuah-marwah/d-8633258/diapresiasi-prabowo-kapolda-riau-ini-kerja-bersama-fokus-kami-padamkan-api,"
Senin, 24 Agu 2026 21:49 WIB "
Kapolda Sumsel Beberkan Strategi Pencegahan dan Penanganan Karhutla,https://news.detik.com/nyago-bumi-sriwijaya/d-8633138/kapolda-sumsel-beberkan-strategi-pencegahan-dan-penanganan-karhutla,"
Senin, 24 Agu 2026 20:09 WIB "
Mensesneg: Penanganan Karhutla di 4 Provinsi Sumatera Sudah Terkendali,https://news.detik.com/berita/d-8633107/mensesneg-penanganan-karhutla-di-4-provinsi-sumatera-sudah-terkendali,"
Senin, 24 Agu 2026 19:33 WIB "
"Di Depan Prabowo, Kapolda Riau Beber Strategi Mitigasi Karhutla & Green Policing",https://news.detik.com/melindungi-tuah-marwah/d-8633051/di-depan-prabowo-kapolda-riau-beber-strategi-mitigasi-karhutla-green-policing,"
Senin, 24 Agu 2026 19:09 WIB "
Waskita Karya Salurkan Ribuan Bantuan ke Warga Terdampak Gempa NTT,https://news.detik.com/berita/d-8633040/waskita-karya-salurkan-ribuan-bantuan-ke-warga-terdampak-gempa-ntt,"
Senin, 24 Agu 2026 19:05 WIB "
"Prabowo Atensi Karhutla Jambi dan Lampung, Apresiasi Kerja Petugas Lapangan",https://news.detik.com/berita/d-8633013/prabowo-atensi-karhutla-jambi-dan-lampung-apresiasi-kerja-petugas-lapangan,"
Senin, 24 Agu 2026 18:58 WIB "
Prabowo Siapkan 1.000 Perwira TNI-Polri Perkuat Penanganan Karhutla Sumsel,https://news.detik.com/berita/d-8632993/prabowo-siapkan-1-000-perwira-tni-polri-perkuat-penanganan-karhutla-sumsel,"
Senin, 24 Agu 2026 18:48 WIB "
Kata Mensesneg soal Menhut Tak Hadir di Rapat Prabowo Tangani Karhutla,https://news.detik.com/berita/d-8632961/kata-mensesneg-soal-menhut-tak-hadir-di-rapat-prabowo-tangani-karhutla,"
Senin, 24 Agu 2026 18:30 WIB "
BMKG Sebut Angin Picu Asap Karhutla Kalimantan sampai ke Negara Tetangga,https://news.detik.com/berita/d-8632949/bmkg-sebut-angin-picu-asap-karhutla-kalimantan-sampai-ke-negara-tetangga,"
Senin, 24 Agu 2026 18:24 WIB "
Waka MPR Dorong Penguatan Sistem Pembelajaran Adaptif Hadapi Bencana,https://news.detik.com/berita/d-8632942/waka-mpr-dorong-penguatan-sistem-pembelajaran-adaptif-hadapi-bencana,"
Senin, 24 Agu 2026 18:22 WIB "
Petugas Gabungan Bersihkan Sekat Kanal Cegah Karhutla Kerumutan Meluas,https://news.detik.com/melindungi-tuah-marwah/d-8632898/petugas-gabungan-bersihkan-sekat-kanal-cegah-karhutla-kerumutan-meluas,"
Senin, 24 Agu 2026 17:52 WIB "
Prabowo Dorong Inovasi Pemadaman Karhutla yang Ramah Lingkungan,https://news.detik.com/berita/d-8632861/prabowo-dorong-inovasi-pemadaman-karhutla-yang-ramah-lingkungan,"
Senin, 24 Agu 2026 17:19 WIB "
Prabowo Setujui Penambahan 500 Sumur Bor dan 500 APD untuk Karhutla Sumsel,https://news.detik.com/berita/d-8632839/prabowo-setujui-penambahan-500-sumur-bor-dan-500-apd-untuk-karhutla-sumsel,"
Senin, 24 Agu 2026 17:07 WIB "
Kapolres Ogan Ilir Bagikan Masker dan Imbau Warga Cegah Karhutla,https://news.detik.com/nyago-bumi-sriwijaya/d-8632756/kapolres-ogan-ilir-bagikan-masker-dan-imbau-warga-cegah-karhutla,"
Senin, 24 Agu 2026 16:26 WIB "
Prabowo Beri Perhatian Khusus Karhutla TN Way Kambas: Segera Dipadamkan,https://news.detik.com/berita/d-8632720/prabowo-beri-perhatian-khusus-karhutla-tn-way-kambas-segera-dipadamkan,"
Senin, 24 Agu 2026 16:12 WIB "
"Respons Laporan Kapolda Riau, Prabowo Minta Segera Kirim 500 Tabung Oksigen",https://news.detik.com/berita/d-8632602/respons-laporan-kapolda-riau-prabowo-minta-segera-kirim-500-tabung-oksigen,"
Senin, 24 Agu 2026 15:28 WIB "
"Kapolda Sumsel Lapor Jerat 17 Tersangka Karhutla, Prabowo Minta Tindak Tegas",https://news.detik.com/berita/d-8632594/kapolda-sumsel-lapor-jerat-17-tersangka-karhutla-prabowo-minta-tindak-tegas,"
Senin, 24 Agu 2026 15:27 WIB "
Asma-ISPA Melonjak di Malaysia Gegara Kabut Asap Karhutla Indonesia,https://news.detik.com/internasional/d-8632570/asma-ispa-melonjak-di-malaysia-gegara-kabut-asap-karhutla-indonesia,"
Senin, 24 Agu 2026 15:18 WIB "
"Rapat Bareng Presiden, Tito Dorong Pencegahan Karhutla di Riau Diperkuat",https://news.detik.com/berita/d-8632536/rapat-bareng-presiden-tito-dorong-pencegahan-karhutla-di-riau-diperkuat,"
Senin, 24 Agu 2026 15:15 WIB "
Percepat Penanganan Karhutla Kalimantan dan Sumatera!,https://news.detik.com/berita/d-8632392/percepat-penanganan-karhutla-kalimantan-dan-sumatera,"
Senin, 24 Agu 2026 14:45 WIB "
"Prabowo Puji Penanganan Karhutla di Riau, Bakal Beri Jabatan Baru ke Pangdam-Kapolda",https://news.detik.com/berita/d-8632514/prabowo-puji-penanganan-karhutla-di-riau-bakal-beri-jabatan-baru-ke-pangdam-kapolda,"
Senin, 24 Agu 2026 14:41 WIB "
NasDem Apresiasi Instruksi Larang Buka Lahan dengan Membakar: Langkah Tegas,https://news.detik.com/berita/d-8632475/nasdem-apresiasi-instruksi-larang-buka-lahan-dengan-membakar-langkah-tegas,"
Senin, 24 Agu 2026 14:30 WIB "
Prabowo Pastikan Penerjun Freefall Ikut Padamkan Karhutla: Bagus Bantu Rakyat,https://news.detik.com/berita/d-8632465/prabowo-pastikan-penerjun-freefall-ikut-padamkan-karhutla-bagus-bantu-rakyat,"
Senin, 24 Agu 2026 14:23 WIB "
"Setelah Pekanbaru, Prabowo Lanjut Tinjau Penanganan Karhutla di Palembang",https://news.detik.com/berita/d-8632377/setelah-pekanbaru-prabowo-lanjut-tinjau-penanganan-karhutla-di-palembang,"
Senin, 24 Agu 2026 13:51 WIB "
Kapolda Riau Lapor Karhutla ke Prabowo: 36 Pembakar Lahan Ditindak di 2026,https://news.detik.com/berita/d-8632362/kapolda-riau-lapor-karhutla-ke-prabowo-36-pembakar-lahan-ditindak-di-2026,"
Senin, 24 Agu 2026 13:47 WIB "
Arahan Prabowo ke Jajaran Tangani Karhutla: Jangan Tunggu Titik Api,https://news.detik.com/berita/d-8632358/arahan-prabowo-ke-jajaran-tangani-karhutla-jangan-tunggu-titik-api,"
Senin, 24 Agu 2026 13:44 WIB "
Prabowo Tanya 5 Perusahaan Sawit Kena Sanksi Karhutla: Tak Boleh Seenaknya!,https://news.detik.com/berita/d-8632342/prabowo-tanya-5-perusahaan-sawit-kena-sanksi-karhutla-tak-boleh-seenaknya,"
Senin, 24 Agu 2026 13:34 WIB "
"72 Tersangka Karhutla Dijerat, Waka DPR Dukung Pelaku Utama Ditindak Tegas",https://news.detik.com/berita/d-8632312/72-tersangka-karhutla-dijerat-waka-dpr-dukung-pelaku-utama-ditindak-tegas,"
Senin, 24 Agu 2026 13:14 WIB "
"Orang Utan dan Beruang Madu Muncul di Permukiman Warga Kotim, Ini Kata BKSDA",https://news.detik.com/berita/d-8632258/orang-utan-dan-beruang-madu-muncul-di-permukiman-warga-kotim-ini-kata-bksda,"
Senin, 24 Agu 2026 12:51 WIB "
"Kapolri Tambah Personel Padamkan Karhutla Kalbar, Siap Kerahkan ke Way Kambas",https://news.detik.com/berita/d-8632257/kapolri-tambah-personel-padamkan-karhutla-kalbar-siap-kerahkan-ke-way-kambas,"
Senin, 24 Agu 2026 12:51 WIB "
"Kapolri Lapor Prabowo, Siap Tindak Korporasi Langgar Aturan Terkait Karhutla",https://news.detik.com/berita/d-8632229/kapolri-lapor-prabowo-siap-tindak-korporasi-langgar-aturan-terkait-karhutla,"
Senin, 24 Agu 2026 12:42 WIB "
Prabowo Minta Sumur Bor Segera Dibangun di 300 Hotspot Karhutla Riau,https://news.detik.com/berita/d-8632228/prabowo-minta-sumur-bor-segera-dibangun-di-300-hotspot-karhutla-riau,"
Senin, 24 Agu 2026 12:41 WIB "
Prabowo Minta 3 Orang Pura-pura Mancing Bakar Lahan Riau Dibawa ke Jakarta,https://news.detik.com/berita/d-8632192/prabowo-minta-3-orang-pura-pura-mancing-bakar-lahan-riau-dibawa-ke-jakarta,"
Senin, 24 Agu 2026 12:19 WIB "
"Ada 72 Tersangka Karhutla, Komisi IV DPR Dorong Audit Korporasi",https://news.detik.com/berita/d-8632179/ada-72-tersangka-karhutla-komisi-iv-dpr-dorong-audit-korporasi,"
Senin, 24 Agu 2026 12:10 WIB "
Prabowo Minta Polisi-Jaksa Usut Korporasi Terlibat Karhutla: Cabut Izinnya,https://news.detik.com/berita/d-8632166/prabowo-minta-polisi-jaksa-usut-korporasi-terlibat-karhutla-cabut-izinnya,"
Senin, 24 Agu 2026 12:02 WIB "
"Tiba di Pekanbaru, Prabowo Disambut Kabut Asap Karhutla",https://news.detik.com/berita/d-8632081/tiba-di-pekanbaru-prabowo-disambut-kabut-asap-karhutla,"
Senin, 24 Agu 2026 11:12 WIB "
"Polda Kalteng Selidiki 51 Kasus Karhutla, 4 di Antaranya Korporasi",https://news.detik.com/berita/d-8632080/polda-kalteng-selidiki-51-kasus-karhutla-4-di-antaranya-korporasi,"
Senin, 24 Agu 2026 11:10 WIB "
"Prabowo ke Sumatera, Seskab: Untuk Pastikan Penanganan Karhutla Tuntas",https://news.detik.com/berita/d-8631989/prabowo-ke-sumatera-seskab-untuk-pastikan-penanganan-karhutla-tuntas,"
Senin, 24 Agu 2026 10:26 WIB "
"Seskab Teddy: Instruksi Presiden Sangat Jelas, Logistik Harus Benar-benar Sampai ke Masyarakat",https://news.detik.com/berita/d-8631945/seskab-teddy-instruksi-presiden-sangat-jelas-logistik-harus-benar-benar-sampai-ke-masyarakat,"
Senin, 24 Agu 2026 09:55 WIB "
"Prabowo Kunker ke Riau Hari Ini, Cek Penanganan Karhutla di Sumatera",https://news.detik.com/berita/d-8631923/prabowo-kunker-ke-riau-hari-ini-cek-penanganan-karhutla-di-sumatera,"
Senin, 24 Agu 2026 09:49 WIB "
"Kabut Asap Selimuti Pekanbaru Pagi Ini, Polisi Turun Bagi-bagi Masker",https://news.detik.com/melindungi-tuah-marwah/d-8631911/kabut-asap-selimuti-pekanbaru-pagi-ini-polisi-turun-bagi-bagi-masker,"
Senin, 24 Agu 2026 09:34 WIB "
Wamen LH Minta Perusahaan Swasta Bangun Sekat Kanal Kubu Raya Cegah Karhutla,https://news.detik.com/berita/d-8631908/wamen-lh-minta-perusahaan-swasta-bangun-sekat-kanal-kubu-raya-cegah-karhutla,"
Senin, 24 Agu 2026 09:28 WIB "
"Patroli Intensif, Polres OKU Timur Tangkap 3 Terduga Pelaku Pembakaran Hutan",https://news.detik.com/berita/d-8631848/patroli-intensif-polres-oku-timur-tangkap-3-terduga-pelaku-pembakaran-hutan,"
Senin, 24 Agu 2026 08:09 WIB "
Ketua Komisi III DPR Apresiasi Bareskrim Jerat 72 Tersangka Karhutla,https://news.detik.com/berita/d-8631838/ketua-komisi-iii-dpr-apresiasi-bareskrim-jerat-72-tersangka-karhutla,"
Senin, 24 Agu 2026 07:54 WIB "
Ulah 72 Tersangka Karhutla yang Disebut Kejahatan Luar Biasa,https://news.detik.com/berita/d-8631831/ulah-72-tersangka-karhutla-yang-disebut-kejahatan-luar-biasa,"
Senin, 24 Agu 2026 07:41 WIB "
Seskab: Senin Pagi 31 Ton Logistik Dikirim ke NTT-500 Pompa Air ke Kalimantan,https://news.detik.com/berita/d-8631826/seskab-senin-pagi-31-ton-logistik-dikirim-ke-ntt-500-pompa-air-ke-kalimantan,"
Senin, 24 Agu 2026 07:30 WIB "
Komisi II DPR Ingatkan Patuhi Instruksi Larangan Buka Lahan dengan Membakar,https://news.detik.com/berita/d-8631823/komisi-ii-dpr-ingatkan-patuhi-instruksi-larangan-buka-lahan-dengan-membakar,"
Senin, 24 Agu 2026 07:24 WIB "
Bupati Pelalawan Liburkan Sekolah yang Terdampak Kabut Asap Karhutla,https://news.detik.com/berita/d-8631766/bupati-pelalawan-liburkan-sekolah-yang-terdampak-kabut-asap-karhutla,"
Senin, 24 Agu 2026 06:15 WIB "
"Sederet Langkah Pemerintah Tangani Karhutla, Terkini Instruksi Mendagri",https://news.detik.com/berita/d-8631765/sederet-langkah-pemerintah-tangani-karhutla-terkini-instruksi-mendagri,"
Senin, 24 Agu 2026 06:00 WIB "
BNPB Minta Negara Tetangga Tak Saling Salahkan soal Asap Karhutla Kalimantan,https://news.detik.com/berita/d-8631741/bnpb-minta-negara-tetangga-tak-saling-salahkan-soal-asap-karhutla-kalimantan,"
Senin, 24 Agu 2026 02:01 WIB "
"Prabowo Panggil Menhan hingga Panglima TNI ke Hambalang, Ini yang Dibahas",https://news.detik.com/berita/d-8631690/prabowo-panggil-menhan-hingga-panglima-tni-ke-hambalang-ini-yang-dibahas,"
Senin, 24 Agu 2026 00:20 WIB "
Zulhas Pastikan Bantuan Pangan untuk Korban Gempa NTT Aman,https://news.detik.com/berita/d-8631646/zulhas-pastikan-bantuan-pangan-untuk-korban-gempa-ntt-aman,"
Minggu, 23 Agu 2026 22:28 WIB "
"Cegah Kebakaran, Polri Ingatkan Warga Tak Bakar Sampah Sembarangan",https://news.detik.com/berita/d-8631631/cegah-kebakaran-polri-ingatkan-warga-tak-bakar-sampah-sembarangan,"
Minggu, 23 Agu 2026 22:12 WIB "
Polri Bakal Kejar Pihak yang Terima Untung dari Karhutla Kalimantan-Sumatera,https://news.detik.com/berita/d-8631608/polri-bakal-kejar-pihak-yang-terima-untung-dari-karhutla-kalimantan-sumatera,"
Minggu, 23 Agu 2026 21:49 WIB "
"Gandeng PPATK, Polri Usut Transaksi 72 Tersangka Karhutla",https://news.detik.com/berita/d-8631570/gandeng-ppatk-polri-usut-transaksi-72-tersangka-karhutla,"
Minggu, 23 Agu 2026 20:57 WIB "
Zulhas Minta Gaji Kader PAN Dipotong Sebulan untuk Bantu Korban Gempa NTT,https://news.detik.com/berita/d-8631567/zulhas-minta-gaji-kader-pan-dipotong-sebulan-untuk-bantu-korban-gempa-ntt,"
Minggu, 23 Agu 2026 20:55 WIB "
"Karhutla Riau Menurun, Penanganan Kebakaran di Kerumutan Diperkuat Via Udara",https://news.detik.com/melindungi-tuah-marwah/d-8631565/karhutla-riau-menurun-penanganan-kebakaran-di-kerumutan-diperkuat-via-udara,"
Minggu, 23 Agu 2026 20:52 WIB "
Dokkes Polda Riau Door to Door Cek Kesehatan Warga Terdampak Karhutla Kerumutan,https://news.detik.com/melindungi-tuah-marwah/d-8631542/dokkes-polda-riau-door-to-door-cek-kesehatan-warga-terdampak-karhutla-kerumutan,"
Minggu, 23 Agu 2026 20:31 WIB "
Polri Bangun 1.296 Embung hingga 834 Sekat Kanal untuk Cegah Karhutla,https://news.detik.com/berita/d-8631536/polri-bangun-1-296-embung-hingga-834-sekat-kanal-untuk-cegah-karhutla,"
Minggu, 23 Agu 2026 20:25 WIB "
"23 Hotspot Terdeteksi di Inhil, Polri-TNI dan MPA Lakukan Pemadaman",https://news.detik.com/melindungi-tuah-marwah/d-8631526/23-hotspot-terdeteksi-di-inhil-polri-tni-dan-mpa-lakukan-pemadaman,"
Minggu, 23 Agu 2026 20:06 WIB "
"HUT ke-28 PAN, Zulhas Gelar Doa Bersama dan Kampanyekan Program Lapor PAN",https://news.detik.com/berita/d-8631519/hut-ke-28-pan-zulhas-gelar-doa-bersama-dan-kampanyekan-program-lapor-pan,"
Minggu, 23 Agu 2026 19:53 WIB "
Polri Siapkan Helikopter hingga Drone untuk Padamkan Karhutla,https://news.detik.com/berita/d-8631516/polri-siapkan-helikopter-hingga-drone-untuk-padamkan-karhutla,"
Minggu, 23 Agu 2026 19:45 WIB "
"Polri: Lahan yang Terbakar 64.341 Hektare, 62 Persen Berhasil Dipadamkan",https://news.detik.com/berita/d-8631482/polri-lahan-yang-terbakar-64-341-hektare-62-persen-berhasil-dipadamkan,"
Minggu, 23 Agu 2026 19:11 WIB "
Polri Ungkap Modus 72 Tersangka Karhutla: Sengaja Bakar demi Biaya Murah,https://news.detik.com/berita/d-8631327/polri-ungkap-modus-72-tersangka-karhutla-sengaja-bakar-demi-biaya-murah,"
Minggu, 23 Agu 2026 16:52 WIB "
"72 Orang Jadi Tersangka Karhutla, Bareskrim Sita Korek Api-Jeriken BBM",https://news.detik.com/berita/d-8631310/72-orang-jadi-tersangka-karhutla-bareskrim-sita-korek-api-jeriken-bbm,"
Minggu, 23 Agu 2026 16:28 WIB "
"Polri Tetapkan 72 Tersangka Karhutla di Kalimantan, Sumsel hingga Riau",https://news.detik.com/berita/d-8631210/polri-tetapkan-72-tersangka-karhutla-di-kalimantan-sumsel-hingga-riau,"
Minggu, 23 Agu 2026 15:36 WIB "
RI Komunikasi Informal ke Negara Tetangga Terdampak Asap Karhutla,https://news.detik.com/berita/d-8631182/ri-komunikasi-informal-ke-negara-tetangga-terdampak-asap-karhutla,"
Minggu, 23 Agu 2026 15:15 WIB "
Instruksi Tito ke Kepala Daerah: Larang Buka Lahan dengan Cara Membakar,https://news.detik.com/berita/d-8631102/instruksi-tito-ke-kepala-daerah-larang-buka-lahan-dengan-cara-membakar,"
Minggu, 23 Agu 2026 14:13 WIB "
Polda Riau Kirim Tim Medis dan Trauma Healing ke Lokasi Karhutla Kerumutan,https://news.detik.com/melindungi-tuah-marwah/d-8631078/polda-riau-kirim-tim-medis-dan-trauma-healing-ke-lokasi-karhutla-kerumutan,"
Minggu, 23 Agu 2026 13:59 WIB "
Istana Tepis Isu Prabowo Tunjuk Haji Isam Koordinator Tangani Karhutla,https://news.detik.com/berita/d-8631067/istana-tepis-isu-prabowo-tunjuk-haji-isam-koordinator-tangani-karhutla,"
Minggu, 23 Agu 2026 13:44 WIB "
"Pemerintah Tunjuk Sejumlah Pejabat Tangani Karhutla di RI, Siapa Saja?",https://news.detik.com/berita/d-8631057/pemerintah-tunjuk-sejumlah-pejabat-tangani-karhutla-di-ri-siapa-saja,"
Minggu, 23 Agu 2026 13:34 WIB "
"BNPB Sebut Titik Panas Karhutla di Kalimantan Meningkat, Prioritaskan OMC",https://news.detik.com/berita/d-8630993/bnpb-sebut-titik-panas-karhutla-di-kalimantan-meningkat-prioritaskan-omc,"
Minggu, 23 Agu 2026 12:28 WIB "
'Pria Senter' Pelaku Karhutla Kalteng: Awal Mula hingga Jadi Tersangka,https://news.detik.com/berita/d-8630952/pria-senter-pelaku-karhutla-kalteng-awal-mula-hingga-jadi-tersangka,"
Minggu, 23 Agu 2026 12:17 WIB "
"Kasus ISPA Buntut Karhutla Kalimantan, Kemenkes Bangun Posko Bencana Asap",https://news.detik.com/berita/d-8630817/kasus-ispa-buntut-karhutla-kalimantan-kemenkes-bangun-posko-bencana-asap,"
Minggu, 23 Agu 2026 10:31 WIB "
3 Hambatan Ini Bikin Api Karhutla Sulit Dipadamkan,https://news.detik.com/berita/d-8630719/3-hambatan-ini-bikin-api-karhutla-sulit-dipadamkan,"
Minggu, 23 Agu 2026 08:45 WIB "
Duduk Perkara 'Pria Senter' Kepergok Bocah Ternyata Pelaku Karhutla,https://news.detik.com/berita/d-8630678/duduk-perkara-pria-senter-kepergok-bocah-ternyata-pelaku-karhutla,"
Minggu, 23 Agu 2026 07:49 WIB "
"Total Luas Karhutla di Indonesia 72.798 Ha, Paling Besar di Kalbar",https://news.detik.com/berita/d-8630675/total-luas-karhutla-di-indonesia-72-798-ha-paling-besar-di-kalbar,"
Minggu, 23 Agu 2026 07:35 WIB "
Arahan Prabowo soal Karhutla Saat Cek Langsung ke Kalimantan,https://news.detik.com/berita/d-8630658/arahan-prabowo-soal-karhutla-saat-cek-langsung-ke-kalimantan,"
Minggu, 23 Agu 2026 07:05 WIB "
"Legislator Kalbar Dorong Kerja Ekstra Padamkan Karhutla, Singgung Anggaran",https://news.detik.com/berita/d-8630622/legislator-kalbar-dorong-kerja-ekstra-padamkan-karhutla-singgung-anggaran,"
Minggu, 23 Agu 2026 05:08 WIB "
Mensesneg Ungkap Prabowo Minta Perda Buka Lahan dengan Membakar Direvisi,https://news.detik.com/berita/d-8630602/mensesneg-ungkap-prabowo-minta-perda-buka-lahan-dengan-membakar-direvisi,"
Minggu, 23 Agu 2026 01:01 WIB "
Prabowo Minta Masyarakat Hindari Kegiatan Memicu Karhutla di Tengah El Nino,https://news.detik.com/berita/d-8630585/prabowo-minta-masyarakat-hindari-kegiatan-memicu-karhutla-di-tengah-el-nino,"
Sabtu, 22 Agu 2026 23:40 WIB "
"Momen Prabowo Telepon di Tengah Rapat, Minta Tambahan Alat untuk Atasi Karhutla",https://news.detik.com/berita/d-8630571/momen-prabowo-telepon-di-tengah-rapat-minta-tambahan-alat-untuk-atasi-karhutla,"
Sabtu, 22 Agu 2026 22:48 WIB "
Waka MPR Dukung Penanganan Karhutla Dikoordinasikan Langsung oleh Presiden,https://news.detik.com/berita/d-8630541/waka-mpr-dukung-penanganan-karhutla-dikoordinasikan-langsung-oleh-presiden,"
Sabtu, 22 Agu 2026 22:09 WIB "
Langit Putih Gelap dan Aroma Bakaran Daun Menyengat di Sungai Raya Kalbar,https://news.detik.com/berita/d-8630503/langit-putih-gelap-dan-aroma-bakaran-daun-menyengat-di-sungai-raya-kalbar,"
Sabtu, 22 Agu 2026 21:40 WIB "
Polisi Tetapkan 'Pria Senter' dan Pemilik Lahan Tersangka Karhutla,https://news.detik.com/berita/d-8630425/polisi-tetapkan-pria-senter-dan-pemilik-lahan-tersangka-karhutla,"
Sabtu, 22 Agu 2026 20:43 WIB "
Mendagri Dampingi Prabowo ke Kalteng Bahas Penguatan Penanganan Karhutla,https://news.detik.com/berita/d-8630404/mendagri-dampingi-prabowo-ke-kalteng-bahas-penguatan-penanganan-karhutla,"
Sabtu, 22 Agu 2026 20:27 WIB "
Menteri LH: 85 Ribu Lahan Konsesi di Indonesia Terbakar,https://news.detik.com/berita/d-8630394/menteri-lh-85-ribu-lahan-konsesi-di-indonesia-terbakar,"
Sabtu, 22 Agu 2026 20:22 WIB "
"Kebakaran di Taman Nasional Way Kambas Seluas 673 Hektare, Belum Padam",https://news.detik.com/berita/d-8630380/kebakaran-di-taman-nasional-way-kambas-seluas-673-hektare-belum-padam,"
Sabtu, 22 Agu 2026 20:09 WIB "
Wali Kota Pekanbaru Turun Langsung Padamkan Karhutla Bersama TNI-Polri,https://news.detik.com/berita/d-8630314/wali-kota-pekanbaru-turun-langsung-padamkan-karhutla-bersama-tni-polri,"
Sabtu, 22 Agu 2026 19:13 WIB "
Prabowo Yakin Karhutla Teratasi: Berapa Tahun Lalu Lebih Parah Kita Mampu Atasi,https://news.detik.com/berita/d-8630283/prabowo-yakin-karhutla-teratasi-berapa-tahun-lalu-lebih-parah-kita-mampu-atasi,"
Sabtu, 22 Agu 2026 18:47 WIB "
Rudianto Lallo Dukung Kapolri Usut Tuntas Karhutla di Kalimantan,https://news.detik.com/berita/d-8630281/rudianto-lallo-dukung-kapolri-usut-tuntas-karhutla-di-kalimantan,"
Sabtu, 22 Agu 2026 18:43 WIB "
Mensesneg: 4 Korporasi Diselidiki Terkait Karhutla Kalbar,https://news.detik.com/berita/d-8630270/mensesneg-4-korporasi-diselidiki-terkait-karhutla-kalbar,"
Sabtu, 22 Agu 2026 18:28 WIB "
Prabowo Minta Tindak Tegas Pihak yang Terbukti Sebabkan Karhutla,https://news.detik.com/berita/d-8630258/prabowo-minta-tindak-tegas-pihak-yang-terbukti-sebabkan-karhutla,"
Sabtu, 22 Agu 2026 18:22 WIB "
Motif 'Pria Senter' Pelaku Karhutla di Kalteng: Mau Buka Lahan,https://news.detik.com/berita/d-8630238/motif-pria-senter-pelaku-karhutla-di-kalteng-mau-buka-lahan,"
Sabtu, 22 Agu 2026 18:06 WIB "
Menteri LH Puji Mitigasi Pra Bencana di Riau: Karhutla Relatif Turun,https://news.detik.com/melindungi-tuah-marwah/d-8630211/menteri-lh-puji-mitigasi-pra-bencana-di-riau-karhutla-relatif-turun,"
Sabtu, 22 Agu 2026 17:50 WIB "
"BNPB: 1.926 Hektare Lahan Terbakar di Sumsel, 9 Helikopter Dikerahkan",https://news.detik.com/berita/d-8630205/bnpb-1-926-hektare-lahan-terbakar-di-sumsel-9-helikopter-dikerahkan,"
Sabtu, 22 Agu 2026 17:42 WIB "
"Mitigasi Karhutla, Polda Sumsel Tinjau Pos Pantau Ops Aman Nusa II 2026",https://news.detik.com/nyago-bumi-sriwijaya/d-8630198/mitigasi-karhutla-polda-sumsel-tinjau-pos-pantau-ops-aman-nusa-ii-2026,"
Sabtu, 22 Agu 2026 17:33 WIB "
Mendagri Dampingi Presiden Prabowo Tinjau Penanganan Karhutla di Kalbar,https://news.detik.com/berita/d-8630191/mendagri-dampingi-presiden-prabowo-tinjau-penanganan-karhutla-di-kalbar,"
Sabtu, 22 Agu 2026 17:28 WIB "
BNPB Catat 8.900 Hektare Lahan Terbakar di Kalsel,https://news.detik.com/berita/d-8630171/bnpb-catat-8-900-hektare-lahan-terbakar-di-kalsel,"
Sabtu, 22 Agu 2026 17:11 WIB "
"Usai Pontianak, Prabowo Lanjut Pimpin Rapat Penanganan Karhutla di Palangka Raya",https://news.detik.com/berita/d-8630110/usai-pontianak-prabowo-lanjut-pimpin-rapat-penanganan-karhutla-di-palangka-raya,"
Sabtu, 22 Agu 2026 16:08 WIB "
"Prabowo Susuri Lahan Terbakar di Kalbar, Sapa Petugas dan Warga",https://news.detik.com/berita/d-8630108/prabowo-susuri-lahan-terbakar-di-kalbar-sapa-petugas-dan-warga,"
Sabtu, 22 Agu 2026 16:07 WIB "
Seskab: 3 Batalyon TNI-6 Heli Water Bombing Dikirim Atasi Karhutla Kalimantan,https://news.detik.com/berita/d-8630093/seskab-3-batalyon-tni-6-heli-water-bombing-dikirim-atasi-karhutla-kalimantan,"
Sabtu, 22 Agu 2026 16:01 WIB "
Polda Riau dan Dinkes Cek Kesehatan Warga Terdampak Asap Karhutla Pelalawan,https://news.detik.com/melindungi-tuah-marwah/d-8630084/polda-riau-dan-dinkes-cek-kesehatan-warga-terdampak-asap-karhutla-pelalawan,"
Sabtu, 22 Agu 2026 15:53 WIB "
Malaysia Tutup Hampir 600 Sekolah Dekat Perbatasan RI Gegara Karhutla,https://news.detik.com/bbc-world/d-8630077/malaysia-tutup-hampir-600-sekolah-dekat-perbatasan-ri-gegara-karhutla,"
Sabtu, 22 Agu 2026 15:49 WIB "
Polda Riau Pantau Karhutla Berbasis Digital Lewat Dashboard Green Policing,https://news.detik.com/melindungi-tuah-marwah/d-8630030/polda-riau-pantau-karhutla-berbasis-digital-lewat-dashboard-green-policing,"
Sabtu, 22 Agu 2026 15:14 WIB "
Detik-detik 'Pria Senter' Bakar Lahan di Kalteng Dipergoki Bocah,https://news.detik.com/berita/d-8629981/detik-detik-pria-senter-bakar-lahan-di-kalteng-dipergoki-bocah,"
Sabtu, 22 Agu 2026 14:45 WIB "
"Tak Pakai Masker, Prabowo Tinjau Titik Karhutla di Sungai Raya Kalbar",https://news.detik.com/berita/d-8629918/tak-pakai-masker-prabowo-tinjau-titik-karhutla-di-sungai-raya-kalbar,"
Sabtu, 22 Agu 2026 14:09 WIB "
"Menteri LH dan Prof Bambang Hero Cek Karhutla Kampar, Kapolda Riau Dampingi",https://news.detik.com/melindungi-tuah-marwah/d-8629893/menteri-lh-dan-prof-bambang-hero-cek-karhutla-kampar-kapolda-riau-dampingi,"
Sabtu, 22 Agu 2026 13:43 WIB "
Menteri LH: Asap Karhutla di Kampar Riau Kiriman dari Jambi,https://news.detik.com/melindungi-tuah-marwah/d-8629885/menteri-lh-asap-karhutla-di-kampar-riau-kiriman-dari-jambi,"
Sabtu, 22 Agu 2026 13:31 WIB "
Anggota DPR Desak Kemenhut Usut Dugaan Karhutla untuk Buka Lahan,https://news.detik.com/berita/d-8629881/anggota-dpr-desak-kemenhut-usut-dugaan-karhutla-untuk-buka-lahan,"
Sabtu, 22 Agu 2026 13:29 WIB "
Awal Mula Bocah Pergoki 'Pria Senter' yang Diduga Bakar Lahan di Kalteng,https://news.detik.com/berita/d-8629867/awal-mula-bocah-pergoki-pria-senter-yang-diduga-bakar-lahan-di-kalteng,"
Sabtu, 22 Agu 2026 13:24 WIB "
Prabowo Pimpin Ratas Penanganan Karhutla: Saya Datang Lihat Keadaan Nyata,https://news.detik.com/berita/d-8629825/prabowo-pimpin-ratas-penanganan-karhutla-saya-datang-lihat-keadaan-nyata,"
Sabtu, 22 Agu 2026 12:38 WIB "
"Viral 'Pria Senter' Diduga Pelaku Karhutla di Kalteng, Kini Ditangkap",https://news.detik.com/berita/d-8629814/viral-pria-senter-diduga-pelaku-karhutla-di-kalteng-kini-ditangkap,"
Sabtu, 22 Agu 2026 12:31 WIB "
"Tiba di Kalbar, Prabowo Langsung Pimpin Rapat Terbatas Penanganan Karhutla",https://news.detik.com/berita/d-8629798/tiba-di-kalbar-prabowo-langsung-pimpin-rapat-terbatas-penanganan-karhutla,"
Sabtu, 22 Agu 2026 12:21 WIB "
"23 Hari Terbakar, Baru 81 dari 270 Hektare Lahan di Pelalawan Padam",https://news.detik.com/melindungi-tuah-marwah/d-8629742/23-hari-terbakar-baru-81-dari-270-hektare-lahan-di-pelalawan-padam,"
Sabtu, 22 Agu 2026 11:23 WIB "
Ketua DPD Minta Badan Restorasi Gambut Diperkuat Tangani Karhutla Kalimantan,https://news.detik.com/berita/d-8629734/ketua-dpd-minta-badan-restorasi-gambut-diperkuat-tangani-karhutla-kalimantan,"
Sabtu, 22 Agu 2026 11:11 WIB "
Seskab: Presiden Instruksikan Karhutla Ditangani Cepat dan Optimal,https://news.detik.com/berita/d-8629707/seskab-presiden-instruksikan-karhutla-ditangani-cepat-dan-optimal,"
Sabtu, 22 Agu 2026 10:46 WIB "
Prabowo Bertolak ke Kalimantan Cek Langsung Penanganan Karhutla Hari Ini,https://news.detik.com/berita/d-8629685/prabowo-bertolak-ke-kalimantan-cek-langsung-penanganan-karhutla-hari-ini,"
Sabtu, 22 Agu 2026 10:22 WIB "
"Asap Karhutla Ganggu Jarak Pandang, 2 Penerbangan di Nabire Dibatalkan",https://news.detik.com/berita/d-8629684/asap-karhutla-ganggu-jarak-pandang-2-penerbangan-di-nabire-dibatalkan,"
Sabtu, 22 Agu 2026 10:22 WIB "
"Karhutla Kalimantan, Anggota DPR Minta Status Darurat Segera Dievaluasi",https://news.detik.com/berita/d-8629659/karhutla-kalimantan-anggota-dpr-minta-status-darurat-segera-dievaluasi,"
Sabtu, 22 Agu 2026 09:57 WIB "
"Polisi Tetapkan 1 Tersangka Karhutla di Kotim, 2 Orang Terperiksa",https://news.detik.com/berita/d-8629623/polisi-tetapkan-1-tersangka-karhutla-di-kotim-2-orang-terperiksa,"
Sabtu, 22 Agu 2026 09:39 WIB "
DLH Tarakan Ungkap Batu Bara Aktif Diduga Ikut Picu Karhutla,https://news.detik.com/berita/d-8629594/dlh-tarakan-ungkap-batu-bara-aktif-diduga-ikut-picu-karhutla,"
Sabtu, 22 Agu 2026 09:15 WIB "
"3.759 Hotspot di Kalbar, Paling Banyak di Ketapang",https://news.detik.com/berita/d-8629582/3-759-hotspot-di-kalbar-paling-banyak-di-ketapang,"
Sabtu, 22 Agu 2026 09:00 WIB "
Waka Komisi III DPR Minta Pelaku Pembakar Lahan Pribadi di Kalsel Dihukum Berat,https://news.detik.com/berita/d-8629521/waka-komisi-iii-dpr-minta-pelaku-pembakar-lahan-pribadi-di-kalsel-dihukum-berat,"
Sabtu, 22 Agu 2026 07:17 WIB "
Sentilan Anggota Dewan ke Malaysia dan Singapura soal Karhutla di RI,https://news.detik.com/berita/d-8629506/sentilan-anggota-dewan-ke-malaysia-dan-singapura-soal-karhutla-di-ri,"
Sabtu, 22 Agu 2026 06:36 WIB "
Komisi VIII DPR Minta Dana Siap Pakai BNPB Dicairkan untuk Tangani Karhutla,https://news.detik.com/berita/d-8629502/komisi-viii-dpr-minta-dana-siap-pakai-bnpb-dicairkan-untuk-tangani-karhutla,"
Sabtu, 22 Agu 2026 06:24 WIB "
KAMMI Tolak Rencana Demo 27 Agustus: Demi Ketertiban Umum,https://news.detik.com/berita/d-8629421/kammi-tolak-rencana-demo-27-agustus-demi-ketertiban-umum,"
Jumat, 21 Agu 2026 22:56 WIB "
KAMMI Nyatakan Sikap Tolak Upaya Provokasi Pecah Belah Bangsa,https://news.detik.com/berita/d-8629340/kammi-nyatakan-sikap-tolak-upaya-provokasi-pecah-belah-bangsa,"
Jumat, 21 Agu 2026 20:55 WIB "
"Rajiv Minta Kemenkeu Cairkan Anggaran Rp 290,9 M untuk Cegah Karhutla",https://news.detik.com/berita/d-8629325/rajiv-minta-kemenkeu-cairkan-anggaran-rp-290-9-m-untuk-cegah-karhutla,"
Jumat, 21 Agu 2026 20:42 WIB "
Kapolda Sumsel Tekankan Jajaran Perkuat Langkah Mitigasi Karhutla,https://news.detik.com/nyago-bumi-sriwijaya/d-8629213/kapolda-sumsel-tekankan-jajaran-perkuat-langkah-mitigasi-karhutla,"
Jumat, 21 Agu 2026 19:20 WIB "
Kapolda: Karhutla di Riau Terkendali Berkat Kolaborasi Lintas Sektoral,https://news.detik.com/melindungi-tuah-marwah/d-8629065/kapolda-karhutla-di-riau-terkendali-berkat-kolaborasi-lintas-sektoral,"
Jumat, 21 Agu 2026 17:46 WIB "
Komisi VIII soal Karhutla: Malaysia-Singapura Punya Kebun di Indonesia,https://news.detik.com/berita/d-8629037/komisi-viii-soal-karhutla-malaysia-singapura-punya-kebun-di-indonesia,"
Jumat, 21 Agu 2026 17:30 WIB "
"Eddy Soeparno Soroti Karhutla Kalteng, Minta Pelaku Ditindak Tegas",https://news.detik.com/berita/d-8628975/eddy-soeparno-soroti-karhutla-kalteng-minta-pelaku-ditindak-tegas,"
Jumat, 21 Agu 2026 17:09 WIB "
"Tangani Karhutla Kalimantan, Pemerintah Modifikasi Cuaca-Tambah Pesawat",https://news.detik.com/berita/d-8628895/tangani-karhutla-kalimantan-pemerintah-modifikasi-cuaca-tambah-pesawat,"
Jumat, 21 Agu 2026 16:21 WIB "
"Darurat Karhutla, Menteri LH Teken Larangan Buka Lahan dengan Cara Dibakar",https://news.detik.com/berita/d-8628879/darurat-karhutla-menteri-lh-teken-larangan-buka-lahan-dengan-cara-dibakar,"
Jumat, 21 Agu 2026 16:10 WIB "
"Seskab: 30 Pesawat Jaga Kalimantan Terkait Karhutla, 22 Armada Kepung Sumatera",https://news.detik.com/berita/d-8628828/seskab-30-pesawat-jaga-kalimantan-terkait-karhutla-22-armada-kepung-sumatera,"
Jumat, 21 Agu 2026 15:37 WIB "
Anggota DPR Dorong Karhutla Kalimantan Ditetapkan Jadi Bencana Nasional,https://news.detik.com/berita/d-8628807/anggota-dpr-dorong-karhutla-kalimantan-ditetapkan-jadi-bencana-nasional,"
Jumat, 21 Agu 2026 15:27 WIB "
Legislator Gerindra Minta Penanganan Karhutla Kalimantan Cepat dan Terpadu,https://news.detik.com/berita/d-8628719/legislator-gerindra-minta-penanganan-karhutla-kalimantan-cepat-dan-terpadu,"
Jumat, 21 Agu 2026 15:00 WIB "
"Karhutla, Komisi VIII DPR Singgung Revisi UU Penanggulangan Bencana",https://news.detik.com/berita/d-8628634/karhutla-komisi-viii-dpr-singgung-revisi-uu-penanggulangan-bencana,"
Jumat, 21 Agu 2026 14:19 WIB "
"Heboh Matahari Merah Pekat di Palangka Raya, BMKG Jelaskan Penyebabnya",https://news.detik.com/berita/d-8628565/heboh-matahari-merah-pekat-di-palangka-raya-bmkg-jelaskan-penyebabnya,"
Jumat, 21 Agu 2026 13:53 WIB "
"Karhutla Kalimantan, Pemerintah Kerahkan 12 Ribu Petugas hingga Buat Sumur Bor",https://news.detik.com/berita/d-8628491/karhutla-kalimantan-pemerintah-kerahkan-12-ribu-petugas-hingga-buat-sumur-bor,"
Jumat, 21 Agu 2026 13:26 WIB "
BMKG Ungkap Penyebab Karhutla di Kalimantan: Iklim Kering Efek El Nino,https://news.detik.com/berita/d-8628464/bmkg-ungkap-penyebab-karhutla-di-kalimantan-iklim-kering-efek-el-nino,"
Jumat, 21 Agu 2026 13:13 WIB "
3 Cara Cek Titik Panas dan Pantau Karhutla Secara Online,https://news.detik.com/berita/d-8628325/3-cara-cek-titik-panas-dan-pantau-karhutla-secara-online,"
Jumat, 21 Agu 2026 12:06 WIB "
Seluruh Penerbangan di Bandara Singkawang Dibatalkan Imbas Asap Karhutla,https://news.detik.com/berita/d-8628292/seluruh-penerbangan-di-bandara-singkawang-dibatalkan-imbas-asap-karhutla,"
Jumat, 21 Agu 2026 11:42 WIB "
Polisi Tangkap 1 Pelaku Pembakaran Lahan Pribadi di Kalsel,https://news.detik.com/berita/d-8628234/polisi-tangkap-1-pelaku-pembakaran-lahan-pribadi-di-kalsel,"
Jumat, 21 Agu 2026 11:00 WIB "
Pengurus Nasional Karang Taruna Bantu Penanganan Karhutla Sumatera,https://news.detik.com/berita/d-8628182/pengurus-nasional-karang-taruna-bantu-penanganan-karhutla-sumatera,"
Jumat, 21 Agu 2026 10:47 WIB "
Waka Komisi IX DPR Usul Status KLB Jika ISPA Akibat Karhutla Memburuk,https://news.detik.com/berita/d-8628176/waka-komisi-ix-dpr-usul-status-klb-jika-ispa-akibat-karhutla-memburuk,"
Jumat, 21 Agu 2026 10:43 WIB "
Hotspot Karhutla di Kalimantan Meningkat 4 Kali Lipat dalam Sehari,https://news.detik.com/berita/d-8628170/hotspot-karhutla-di-kalimantan-meningkat-4-kali-lipat-dalam-sehari,"
Jumat, 21 Agu 2026 10:38 WIB "
"Ortu Siswa di Pontianak Was-was Asap Karhutla, Harap Sekolah Diliburkan",https://news.detik.com/berita/d-8628168/ortu-siswa-di-pontianak-was-was-asap-karhutla-harap-sekolah-diliburkan,"
Jumat, 21 Agu 2026 10:37 WIB "
"Gara-gara Asap Karhutla, 21 Penerbangan di Pontianak Delay dalam 4 Hari",https://news.detik.com/berita/d-8628136/gara-gara-asap-karhutla-21-penerbangan-di-pontianak-delay-dalam-4-hari,"
Jumat, 21 Agu 2026 10:13 WIB "
Bupati Kotim Ungkap Sulitnya Air Padamkan Karhutla: Parit-Sumur Bor Kering,https://news.detik.com/berita/d-8628112/bupati-kotim-ungkap-sulitnya-air-padamkan-karhutla-parit-sumur-bor-kering,"
Jumat, 21 Agu 2026 10:01 WIB "
Komisi IV DPR Desak Penanganan Karhutla di Kalimantan Jadi Prioritas Nasional,https://news.detik.com/berita/d-8628003/komisi-iv-dpr-desak-penanganan-karhutla-di-kalimantan-jadi-prioritas-nasional,"
Jumat, 21 Agu 2026 08:23 WIB "
"BPBD Catat 413 Titik Karhutla di Kaltim, 936 Hektare Lahan Terbakar",https://news.detik.com/berita/d-8627992/bpbd-catat-413-titik-karhutla-di-kaltim-936-hektare-lahan-terbakar,"
Jumat, 21 Agu 2026 08:06 WIB "
Ngerinya Karhutla di Kalimantan hingga Berimbas ke Negara Tetangga,https://news.detik.com/berita/d-8627975/ngerinya-karhutla-di-kalimantan-hingga-berimbas-ke-negara-tetangga,"
Jumat, 21 Agu 2026 07:34 WIB "
"Cegah Api Meluas, Polda Riau-TNI Berjibaku Padamkan Karhutla di Pelalawan",https://news.detik.com/melindungi-tuah-marwah/d-8627734/cegah-api-meluas-polda-riau-tni-berjibaku-padamkan-karhutla-di-pelalawan,"
Kamis, 20 Agu 2026 21:44 WIB "
Komisi IV DPR Dorong Pemerintah Libatkan Masyarakat Atasi Karhutla,https://news.detik.com/berita/d-8627719/komisi-iv-dpr-dorong-pemerintah-libatkan-masyarakat-atasi-karhutla,"
Kamis, 20 Agu 2026 21:24 WIB "
"BMKG Ungkap 4 Provinsi Paling Banyak Hotspot Karhutla, 3 Ada di Kalimantan",https://news.detik.com/berita/d-8627288/bmkg-ungkap-4-provinsi-paling-banyak-hotspot-karhutla-3-ada-di-kalimantan,"
Kamis, 20 Agu 2026 16:27 WIB "
"Hotspot di Kalimantan Capai 1.487 Titik, Kalteng Terbanyak",https://news.detik.com/berita/d-8627274/hotspot-di-kalimantan-capai-1-487-titik-kalteng-terbanyak,"
Kamis, 20 Agu 2026 16:17 WIB "
"Karhutla Meluas, 415 Ha Lahan di Kutai Barat Kaltim Terbakar",https://news.detik.com/berita/d-8627265/karhutla-meluas-415-ha-lahan-di-kutai-barat-kaltim-terbakar,"
Kamis, 20 Agu 2026 16:09 WIB "
108 Sekolah di Malaysia Ditutup Imbas Kabut Asap Karhutla dari Kalimantan,https://news.detik.com/internasional/d-8627147/108-sekolah-di-malaysia-ditutup-imbas-kabut-asap-karhutla-dari-kalimantan,"
Kamis, 20 Agu 2026 15:09 WIB "
Sumber Air Jauh Jadi Kendala Pemadaman Karhutla di Kotim Kalteng,https://news.detik.com/berita/d-8627114/sumber-air-jauh-jadi-kendala-pemadaman-karhutla-di-kotim-kalteng,"
Kamis, 20 Agu 2026 14:56 WIB "
Kapolda Riau dan Pangdam Tuanku Tambusai Turun Langsung Padamkan Karhutla di Pelalawan,https://news.detik.com/melindungi-tuah-marwah/d-8627070/kapolda-riau-dan-pangdam-tuanku-tambusai-turun-langsung-padamkan-karhutla-di-pelalawan,"
Kamis, 20 Agu 2026 14:29 WIB "
"Ada 298 Karhutla di Palangka Raya Sejak Juni, 261,41 Ha Lahan Terbakar",https://news.detik.com/berita/d-8626953/ada-298-karhutla-di-palangka-raya-sejak-juni-261-41-ha-lahan-terbakar,"
Kamis, 20 Agu 2026 13:34 WIB "
"Karhutla di Mana-mana di Kalimantan, Ini Daftar Titik Wilayahnya",https://news.detik.com/berita/d-8626896/karhutla-di-mana-mana-di-kalimantan-ini-daftar-titik-wilayahnya,"
Kamis, 20 Agu 2026 13:10 WIB "
"Karhutla di Kalteng Seluas 148 Hektare, Picu ISPA Sampai 66 Ribu Kasus",https://news.detik.com/berita/d-8626829/karhutla-di-kalteng-seluas-148-hektare-picu-ispa-sampai-66-ribu-kasus,"
Kamis, 20 Agu 2026 12:45 WIB "
"Kabut Asap Makin Tebal, Jam Sekolah di Banjarbaru Diundur Jadi Pukul 09.00 Wita",https://news.detik.com/berita/d-8626605/kabut-asap-makin-tebal-jam-sekolah-di-banjarbaru-diundur-jadi-pukul-09-00-wita,"
Kamis, 20 Agu 2026 10:07 WIB "
Anggota DPR Desak Kemenkeu Cairkan Rp 290 M untuk Tangani Karhutla Kalimantan,https://news.detik.com/berita/d-8626419/anggota-dpr-desak-kemenkeu-cairkan-rp-290-m-untuk-tangani-karhutla-kalimantan,"
Kamis, 20 Agu 2026 06:46 WIB "
Polda Sumsel Gerak Cepat Padamkan Karhutla di OKI,https://news.detik.com/nyago-bumi-sriwijaya/d-8626295/polda-sumsel-gerak-cepat-padamkan-karhutla-di-oki,"
Rabu, 19 Agu 2026 22:19 WIB "
"Kualitas Udara Palangka Raya Buruk Imbas Kabut Asap Karhutla, AQI Tembus 487",https://news.detik.com/berita/d-8626245/kualitas-udara-palangka-raya-buruk-imbas-kabut-asap-karhutla-aqi-tembus-487,"
Rabu, 19 Agu 2026 21:38 WIB "
"Jalankan Instruksi Kapolda, Polres OKU Timur Gencarkan Pencegahan Karhutla",https://news.detik.com/berita/d-8626009/jalankan-instruksi-kapolda-polres-oku-timur-gencarkan-pencegahan-karhutla,"
Rabu, 19 Agu 2026 18:22 WIB "
"Pria di Bengkalis Jadi Tersangka, Diduga Sengaja Bakar Lahan Sampai 1 Hektare",https://news.detik.com/melindungi-tuah-marwah/d-8625513/pria-di-bengkalis-jadi-tersangka-diduga-sengaja-bakar-lahan-sampai-1-hektare,"
Rabu, 19 Agu 2026 14:26 WIB "
Singapura Wanti-wanti Warganya soal Kabut Asap Imbas Kebakaran Hutan RI,https://news.detik.com/internasional/d-8625324/singapura-wanti-wanti-warganya-soal-kabut-asap-imbas-kebakaran-hutan-ri,"
Rabu, 19 Agu 2026 13:17 WIB "
12 Penerbangan Terdampak Akibat Asap Karhutla di Banjarbaru Kalsel,https://news.detik.com/berita/d-8625148/12-penerbangan-terdampak-akibat-asap-karhutla-di-banjarbaru-kalsel,"
Rabu, 19 Agu 2026 11:49 WIB "
"Karhutla Meluas 859 Ha, Status Tanggap Darurat di Kobar Kalteng Diperpanjang",https://news.detik.com/berita/d-8624918/karhutla-meluas-859-ha-status-tanggap-darurat-di-kobar-kalteng-diperpanjang,"
Rabu, 19 Agu 2026 09:35 WIB "
"Menhut Sebut 9 Kasus Karhutla Diproses Hukum, 4 Kasus Sudah Ada Tersangka",https://news.detik.com/berita/d-8624341/menhut-sebut-9-kasus-karhutla-diproses-hukum-4-kasus-sudah-ada-tersangka,"
Selasa, 18 Agu 2026 18:00 WIB "
"Menhut Sebut Kebakaran Bromo Sudah Padam, Bakal Dibuka Lagi 20 Agustus",https://news.detik.com/berita/d-8624142/menhut-sebut-kebakaran-bromo-sudah-padam-bakal-dibuka-lagi-20-agustus,"
Selasa, 18 Agu 2026 16:23 WIB "
Komisi IV DPR Minta Kemenhut Gercep Tangani Karhutla: Jangan Tunggu Api Besar,https://news.detik.com/berita/d-8624055/komisi-iv-dpr-minta-kemenhut-gercep-tangani-karhutla-jangan-tunggu-api-besar,"
Selasa, 18 Agu 2026 15:46 WIB "
Polda Kalteng Tetapkan 12 Orang Jadi Tersangka Karhutla,https://news.detik.com/berita/d-8623755/polda-kalteng-tetapkan-12-orang-jadi-tersangka-karhutla,"
Selasa, 18 Agu 2026 13:25 WIB "
Pengibaran Bendera Tak Biasa Saat HUT RI: Di Lahan Karhutla hingga Danau,https://news.detik.com/berita/d-8623325/pengibaran-bendera-tak-biasa-saat-hut-ri-di-lahan-karhutla-hingga-danau,"
Selasa, 18 Agu 2026 08:19 WIB "
Momen Khidmat Pengibaran Merah Putih di Tengah Asap Karhutla Pelalawan,https://news.detik.com/melindungi-tuah-marwah/d-8622149/momen-khidmat-pengibaran-merah-putih-di-tengah-asap-karhutla-pelalawan,"
Senin, 17 Agu 2026 12:06 WIB "
Polres Banyuasin Gandeng Warga dan Perusahaan Cegah Karhutla,https://news.detik.com/nyago-bumi-sriwijaya/d-8618913/polres-banyuasin-gandeng-warga-dan-perusahaan-cegah-karhutla,"
Jumat, 14 Agu 2026 18:02 WIB "
Pemprov Jabar Perkuat Langkah Pencegahan Karhutla Saat Musim Kemarau,https://news.detik.com/berita/d-8618821/pemprov-jabar-perkuat-langkah-pencegahan-karhutla-saat-musim-kemarau,"
Jumat, 14 Agu 2026 17:16 WIB "
"Perjuangan Petugas Jinakkan Karhutla di Kalteng, Sampai Tidur di Tanah",https://news.detik.com/berita/d-8618083/perjuangan-petugas-jinakkan-karhutla-di-kalteng-sampai-tidur-di-tanah,"
Jumat, 14 Agu 2026 11:08 WIB "
"Tim Gabungan Padamkan 1,5 Hektare Lahan Karhutla di Pelalawan Riau",https://news.detik.com/melindungi-tuah-marwah/d-8617598/tim-gabungan-padamkan-1-5-hektare-lahan-karhutla-di-pelalawan-riau,"
Kamis, 13 Agu 2026 22:01 WIB "
Kemensos Siapkan Bantuan dan Safe House bagi Korban Karhutla,https://news.detik.com/berita/d-8617573/kemensos-siapkan-bantuan-dan-safe-house-bagi-korban-karhutla,"
Kamis, 13 Agu 2026 21:29 WIB "
"Kapolda Jambi Pantau Langsung Pemadaman Karhutla, Perkuat Sinergi dengan Stakeholder",https://news.detik.com/berita/d-8617161/kapolda-jambi-pantau-langsung-pemadaman-karhutla-perkuat-sinergi-dengan-stakeholder,"
Kamis, 13 Agu 2026 17:17 WIB "
Respons Kemlu soal Sorotan Asap Karhutla di Kalimantan Terbawa ke Malaysia,https://news.detik.com/berita/d-8616957/respons-kemlu-soal-sorotan-asap-karhutla-di-kalimantan-terbawa-ke-malaysia,"
Kamis, 13 Agu 2026 15:36 WIB "
"Peningkatan Karhutla, Dampak Iklim atau Ulah Manusia?",https://news.detik.com/berita/d-8616784/peningkatan-karhutla-dampak-iklim-atau-ulah-manusia,"
Kamis, 13 Agu 2026 14:44 WIB "
"Muncul Titik Api di JLKT Bromo, Petugas Cegah Merembet ke Seruni",https://news.detik.com/berita/d-8616267/muncul-titik-api-di-jlkt-bromo-petugas-cegah-merembet-ke-seruni,"
Kamis, 13 Agu 2026 09:52 WIB "
"Kebakaran di Bromo Meluas, 942 Hektare Lahan Hangus Terbakar",https://news.detik.com/berita/d-8616180/kebakaran-di-bromo-meluas-942-hektare-lahan-hangus-terbakar,"
Kamis, 13 Agu 2026 08:16 WIB "
Mensesneg: El Nino Sebabkan Pemadaman Karhutla Tak Mudah,https://news.detik.com/berita/d-8615351/mensesneg-el-nino-sebabkan-pemadaman-karhutla-tak-mudah,"
Rabu, 12 Agu 2026 15:33 WIB "
Polda Sumsel Ajak Masyarakat Bersatu Cegah Karhutla di Muara Enim,https://news.detik.com/nyago-bumi-sriwijaya/d-8615183/polda-sumsel-ajak-masyarakat-bersatu-cegah-karhutla-di-muara-enim,"
Rabu, 12 Agu 2026 14:05 WIB "
"Kapolda Riau-Forkopimda Patroli Udara Pantau Karhutla, 123 Hotspot Terpantau",https://news.detik.com/melindungi-tuah-marwah/d-8614865/kapolda-riau-forkopimda-patroli-udara-pantau-karhutla-123-hotspot-terpantau,"
Rabu, 12 Agu 2026 11:01 WIB "
Polda Riau Tetapkan 2 Tersangka Kasus Karhutla di Area HGU Bengkalis,https://news.detik.com/berita/d-8614735/polda-riau-tetapkan-2-tersangka-kasus-karhutla-di-area-hgu-bengkalis,"
Rabu, 12 Agu 2026 09:34 WIB "
"Karhutla Belum Padam, Penutupan Bromo Diperpanjang hingga 15 Agustus",https://news.detik.com/berita/d-8614598/karhutla-belum-padam-penutupan-bromo-diperpanjang-hingga-15-agustus,"
Rabu, 12 Agu 2026 07:29 WIB "
Media Malaysia Soroti Asap Karhutla di Kalimantan Terbawa ke Sarawak,https://news.detik.com/berita/d-8614585/media-malaysia-soroti-asap-karhutla-di-kalimantan-terbawa-ke-sarawak,"
Rabu, 12 Agu 2026 06:53 WIB "
Pratikno Bantah Isu Mundur dari Menko PMK: Saya Lagi Bertugas di Bromo,https://news.detik.com/berita/d-8614134/pratikno-bantah-isu-mundur-dari-menko-pmk-saya-lagi-bertugas-di-bromo,"
Selasa, 11 Agu 2026 18:05 WIB "
Pigai Perintahkan Jajaran KemenHAM Bantu Kendalikan Dampak El Nino,https://news.detik.com/berita/d-8614082/pigai-perintahkan-jajaran-kemenham-bantu-kendalikan-dampak-el-nino,"
Selasa, 11 Agu 2026 17:47 WIB "
"Patroli Cegah Karhutla, Polres Meranti Edukasi Warga Lewat Pengeras Suara",https://news.detik.com/melindungi-tuah-marwah/d-8613744/patroli-cegah-karhutla-polres-meranti-edukasi-warga-lewat-pengeras-suara,"
Selasa, 11 Agu 2026 15:11 WIB "
"Efek El Nino, Juli Tahun Ini Suhunya Paling Tinggi Sejak 1991",https://news.detik.com/berita/d-8613183/efek-el-nino-juli-tahun-ini-suhunya-paling-tinggi-sejak-1991,"
Selasa, 11 Agu 2026 09:56 WIB "
Legislator PKB Minta Teknologi Drone Dioptimalkan untuk Padamkan Karhutla Bromo,https://news.detik.com/berita/d-8613071/legislator-pkb-minta-teknologi-drone-dioptimalkan-untuk-padamkan-karhutla-bromo,"
Selasa, 11 Agu 2026 08:05 WIB "
"Ulah Pria Bakar 1,5 Hektare Lahan di Inhu dengan Dalih Usir Nyamuk",https://news.detik.com/berita/d-8613064/ulah-pria-bakar-1-5-hektare-lahan-di-inhu-dengan-dalih-usir-nyamuk,"
Selasa, 11 Agu 2026 07:59 WIB "
"Cegah Titik Api Baru, Petugas Siaga 24 Jam di Bromo",https://news.detik.com/berita/d-8612933/cegah-titik-api-baru-petugas-siaga-24-jam-di-bromo,"
Selasa, 11 Agu 2026 07:58 WIB "
"Kebakaran Hutan Terjadi di Gunung Andong Magelang, 3,67 Hektare Lahan Hangus",https://news.detik.com/berita/d-8613049/kebakaran-hutan-terjadi-di-gunung-andong-magelang-3-67-hektare-lahan-hangus,"
Selasa, 11 Agu 2026 07:38 WIB "
Kepala BNPB Ungkap Pemadaman Karhutla Gunung Bromo Terkendala Cuaca,https://news.detik.com/berita/d-8613044/kepala-bnpb-ungkap-pemadaman-karhutla-gunung-bromo-terkendala-cuaca,"
Selasa, 11 Agu 2026 07:28 WIB "
"Apel Siaga Karhutla, Kapolda Riau Tekankan Kolaborasi Polri-TNI-Pemda",https://news.detik.com/melindungi-tuah-marwah/d-8612770/apel-siaga-karhutla-kapolda-riau-tekankan-kolaborasi-polri-tni-pemda,"
Senin, 10 Agu 2026 19:48 WIB "
Puan Maharani Minta Kebakaran Bromo Segera Ditangani Total,https://news.detik.com/berita/d-8612555/puan-maharani-minta-kebakaran-bromo-segera-ditangani-total,"
Senin, 10 Agu 2026 17:39 WIB "
Menko Polkam Duga Kebakaran di Gunung Bromo karena Human Error,https://news.detik.com/berita/d-8612503/menko-polkam-duga-kebakaran-di-gunung-bromo-karena-human-error,"
Senin, 10 Agu 2026 17:10 WIB "
"Pemerintah Waspadai Karhutla di 6 Provinsi, Siagakan 43 Helikopter",https://news.detik.com/berita/d-8612468/pemerintah-waspadai-karhutla-di-6-provinsi-siagakan-43-helikopter,"
Senin, 10 Agu 2026 16:49 WIB "
Menko Polkam Ungkap 107 Ribu Ha Lahan Terbakar: El Nino Percepat Perambatan,https://news.detik.com/berita/d-8612445/menko-polkam-ungkap-107-ribu-ha-lahan-terbakar-el-nino-percepat-perambatan,"
Senin, 10 Agu 2026 16:33 WIB "
"Polres Inhil Tindak Perambah Hutan dan Karhutla, 2 Tersangka Dijerat",https://news.detik.com/melindungi-tuah-marwah/d-8612429/polres-inhil-tindak-perambah-hutan-dan-karhutla-2-tersangka-dijerat,"
Senin, 10 Agu 2026 16:26 WIB "
Mensesneg Minta Pemadaman Karhutla Bromo Dilakukan Sekeras-kerasnya,https://news.detik.com/berita/d-8612177/mensesneg-minta-pemadaman-karhutla-bromo-dilakukan-sekeras-kerasnya,"
Senin, 10 Agu 2026 14:40 WIB "
"Pria di Inhu Bakar 1,5 Hektare Lahan, Alsannya Mau Usir Nyamuk",https://news.detik.com/melindungi-tuah-marwah/d-8612020/pria-di-inhu-bakar-1-5-hektare-lahan-alsannya-mau-usir-nyamuk,"
Senin, 10 Agu 2026 13:32 WIB "
"Bromo Tutup Total Imbas Kebakaran, Begini Cara Refund dan Reschedule Tiket",https://news.detik.com/berita/d-8611835/bromo-tutup-total-imbas-kebakaran-begini-cara-refund-dan-reschedule-tiket,"
Senin, 10 Agu 2026 11:47 WIB "
"Karhutla Bromo Meluas, Komisi IV DPR Minta SOP Penanganan Diperbaiki",https://news.detik.com/berita/d-8611803/karhutla-bromo-meluas-komisi-iv-dpr-minta-sop-penanganan-diperbaiki,"
Senin, 10 Agu 2026 11:25 WIB "
"Menhut Tinjau Penanganan Kebakaran Bromo, Maksimalkan Penggunaan Water Bombing",https://news.detik.com/berita/d-8611464/menhut-tinjau-penanganan-kebakaran-bromo-maksimalkan-penggunaan-water-bombing,"
Senin, 10 Agu 2026 03:39 WIB "
Awal Mula Kebakaran Bromo yang Meluas hingga Kini Ditutup Total,https://news.detik.com/berita/d-8611274/awal-mula-kebakaran-bromo-yang-meluas-hingga-kini-ditutup-total,"
Minggu, 09 Agu 2026 20:15 WIB "
"Cegah Karhutla, Polda Sumsel Gandeng Pemerintah Desa-Masyarakat",https://news.detik.com/nyago-bumi-sriwijaya/d-8610853/cegah-karhutla-polda-sumsel-gandeng-pemerintah-desa-masyarakat,"
Minggu, 09 Agu 2026 13:51 WIB "
Petugas Gabungan Polisi-TNI Padamkan 6 Hektare Lahan Karhutla di Rohil,https://news.detik.com/melindungi-tuah-marwah/d-8610212/petugas-gabungan-polisi-tni-padamkan-6-hektare-lahan-karhutla-di-rohil,"
Sabtu, 08 Agu 2026 20:42 WIB "
Polda Riau-TNI-BPBD Patroli Udara dan Darat Pantau Karhutla,https://news.detik.com/melindungi-tuah-marwah/d-8610033/polda-riau-tni-bpbd-patroli-udara-dan-darat-pantau-karhutla,"
Sabtu, 08 Agu 2026 17:27 WIB "
"Antisipasi Karhutla, Polda Sumsel Pantau Lahan Gambut Gunakan Drone",https://news.detik.com/nyago-bumi-sriwijaya/d-8609732/antisipasi-karhutla-polda-sumsel-pantau-lahan-gambut-gunakan-drone,"
Sabtu, 08 Agu 2026 12:55 WIB "
Herman Deru Dorong Penguatan Sinergi untuk Jaga Kelestarian Hutan Sumsel,https://news.detik.com/berita/d-8609166/herman-deru-dorong-penguatan-sinergi-untuk-jaga-kelestarian-hutan-sumsel,"
Jumat, 07 Agu 2026 21:00 WIB "
"Picu Kebakaran 27 Ha Lahan Berhari-hari, Pria di Pelalawan Jadi Tersangka",https://news.detik.com/melindungi-tuah-marwah/d-8608759/picu-kebakaran-27-ha-lahan-berhari-hari-pria-di-pelalawan-jadi-tersangka,"
Jumat, 07 Agu 2026 16:24 WIB "
"Pemprov Riau Sebut Karhutla Terkendali, Kolaborasi Satgas Jadi Kunci Utama",https://news.detik.com/melindungi-tuah-marwah/d-8608726/pemprov-riau-sebut-karhutla-terkendali-kolaborasi-satgas-jadi-kunci-utama,"
Jumat, 07 Agu 2026 16:18 WIB "
Karhutla 100 Hektare Lahan di Banggai Diduga gegara Puntung Rokok Pemotor,https://news.detik.com/berita/d-8608514/karhutla-100-hektare-lahan-di-banggai-diduga-gegara-puntung-rokok-pemotor,"
Jumat, 07 Agu 2026 14:28 WIB "
"Kebakaran Gunung Bromo Belum Padam, Drone Water Spray dan Heli Dikerahkan",https://news.detik.com/berita/d-8606960/kebakaran-gunung-bromo-belum-padam-drone-water-spray-dan-heli-dikerahkan,"
Kamis, 06 Agu 2026 14:24 WIB "
Kronologi Warga Terobos Asap Karhutla di Ketapang Berujung Tewas Terbakar,https://news.detik.com/berita/d-8606577/kronologi-warga-terobos-asap-karhutla-di-ketapang-berujung-tewas-terbakar,"
Kamis, 06 Agu 2026 11:11 WIB "
Hujan Buatan Jadi Harapan Saat Kemarau Berkepanjangan,https://news.detik.com/berita/d-8606115/hujan-buatan-jadi-harapan-saat-kemarau-berkepanjangan,"
Rabu, 05 Agu 2026 21:13 WIB "
"Antisipasi Kebakaran Lahan, Kapolres Serang Minta Jajaran Patroli Terpadu",https://news.detik.com/berita/d-8605669/antisipasi-kebakaran-lahan-kapolres-serang-minta-jajaran-patroli-terpadu,"
Rabu, 05 Agu 2026 16:43 WIB "
Pemuda Pulang Kerja Tewas Terjebak Karhutla di Ketapang Kalbar,https://news.detik.com/berita/d-8605604/pemuda-pulang-kerja-tewas-terjebak-karhutla-di-ketapang-kalbar,"
Rabu, 05 Agu 2026 16:07 WIB "
"Polisi-TNI Padamkan Karhutla di Pelalawan, Heli Water Bombing Diturunkan",https://news.detik.com/berita/d-8605547/polisi-tni-padamkan-karhutla-di-pelalawan-heli-water-bombing-diturunkan,"
Rabu, 05 Agu 2026 15:43 WIB "
"2 Truk Tabrakan di Gunungputri Bogor, Sopir Terjepit di Kabin Kemudi",https://news.detik.com/berita/d-8604951/2-truk-tabrakan-di-gunungputri-bogor-sopir-terjepit-di-kabin-kemudi,"
Rabu, 05 Agu 2026 10:48 WIB "
Polda Sumsel Edukasi Warga OKU Selatan soal Langkah Pencegahan Karhutla,https://news.detik.com/nyago-bumi-sriwijaya/d-8604266/polda-sumsel-edukasi-warga-oku-selatan-soal-langkah-pencegahan-karhutla,"
Selasa, 04 Agu 2026 18:09 WIB "
Polda Riau Tangkap Pelaku Pembakaran 5 Hektare Lahan di Inhu,https://news.detik.com/melindungi-tuah-marwah/d-8604139/polda-riau-tangkap-pelaku-pembakaran-5-hektare-lahan-di-inhu,"
Selasa, 04 Agu 2026 17:00 WIB "
"Kebakaran Hutan Merembet ke Savana Gunung Bromo, Petugas Bikin Sekat",https://news.detik.com/berita/d-8603664/kebakaran-hutan-merembet-ke-savana-gunung-bromo-petugas-bikin-sekat,"
Selasa, 04 Agu 2026 13:29 WIB "
"Hutan di Gunung Bromo Kebakaran, 3 Akses Masuk Wisata Ditutup",https://news.detik.com/berita/d-8603251/hutan-di-gunung-bromo-kebakaran-3-akses-masuk-wisata-ditutup,"
Selasa, 04 Agu 2026 08:00 WIB "
Kapolda Sumsel Instruksikan Patroli Masif & Tindak Tegas Pelaku Pembakaran,https://news.detik.com/nyago-bumi-sriwijaya/d-8601873/kapolda-sumsel-instruksikan-patroli-masif-tindak-tegas-pelaku-pembakaran,"
Senin, 03 Agu 2026 11:10 WIB "
"Gubernur Andra Sebut Banten Zona Merah Karhutla, Minta Semua Pihak Siaga",https://news.detik.com/berita/d-8601790/gubernur-andra-sebut-banten-zona-merah-karhutla-minta-semua-pihak-siaga,"
Senin, 03 Agu 2026 10:30 WIB "
"Pimpin Apel Pagi, Kapolda Sumsel Minta Jajaran Tingkatkan Kedisiplinan",https://news.detik.com/nyago-bumi-sriwijaya/d-8601684/pimpin-apel-pagi-kapolda-sumsel-minta-jajaran-tingkatkan-kedisiplinan,"
Senin, 03 Agu 2026 09:17 WIB "
2 Helikopter Damkar di Yunani Bertabrakan saat Jinakkan Karhutla,https://news.detik.com/internasional/d-8601511/2-helikopter-damkar-di-yunani-bertabrakan-saat-jinakkan-karhutla,"
Senin, 03 Agu 2026 02:08 WIB "
Polres Ogan Ilir dan Tim Gabungan Mitigasi Karhutla di 6 Titik,https://news.detik.com/nyago-bumi-sriwijaya/d-8601433/polres-ogan-ilir-dan-tim-gabungan-mitigasi-karhutla-di-6-titik,"
Minggu, 02 Agu 2026 21:25 WIB "
Pimpinan DPRD DKI Minta Pemprov Lakukan 3 Hal Hadapi Ancaman Kekeringan,https://news.detik.com/berita/d-8599580/pimpinan-dprd-dki-minta-pemprov-lakukan-3-hal-hadapi-ancaman-kekeringan,"
Sabtu, 01 Agu 2026 07:54 WIB "
Waka Komisi VIII DPR Minta Perkuat Mitigasi Hadapi Ancaman Kekeringan,https://news.detik.com/berita/d-8599551/waka-komisi-viii-dpr-minta-perkuat-mitigasi-hadapi-ancaman-kekeringan,"
Sabtu, 01 Agu 2026 07:19 WIB "
"Ancaman Kekeringan, Legislator Usul Sumur Darurat dan Segera Modifikasi Cuaca",https://news.detik.com/berita/d-8599527/ancaman-kekeringan-legislator-usul-sumur-darurat-dan-segera-modifikasi-cuaca,"
Sabtu, 01 Agu 2026 06:09 WIB "
"Kombes Eko Budhi, Sang Orkestrator Green Policing di Bumi Lancang Kuning",https://news.detik.com/berita/d-8599261/kombes-eko-budhi-sang-orkestrator-green-policing-di-bumi-lancang-kuning,"
Jumat, 31 Jul 2026 20:47 WIB "
"Ancaman Karthutla 2026 Meningkat, Polri Siagakan Ribuan Personel",https://news.detik.com/berita/d-8598249/ancaman-karthutla-2026-meningkat-polri-siagakan-ribuan-personel,"
Jumat, 31 Jul 2026 11:50 WIB "
TAP Untuk Negeri Buka Akses Pasar Madu Kelulut UMKM Muara Lesan,https://news.detik.com/berita/d-8598174/tap-untuk-negeri-buka-akses-pasar-madu-kelulut-umkm-muara-lesan,"
Jumat, 31 Jul 2026 11:19 WIB "
BMKG Ungkap Wilayah Paling Berpotensi Alami Kekeringan saat Puncak Kemarau,https://news.detik.com/berita/d-8597942/bmkg-ungkap-wilayah-paling-berpotensi-alami-kekeringan-saat-puncak-kemarau,"
Jumat, 31 Jul 2026 08:34 WIB "
Puncak Gunung Anjing dan Perbukitan Lagadar di Bandung Kebakaran,https://news.detik.com/berita/d-8597686/puncak-gunung-anjing-dan-perbukitan-lagadar-di-bandung-kebakaran,"
Kamis, 30 Jul 2026 20:41 WIB "
Polri dan Kemenhut Konsolidasi Perkuat Mitigasi Hadapi El Nino dan Karhutla,https://news.detik.com/berita/d-8597660/polri-dan-kemenhut-konsolidasi-perkuat-mitigasi-hadapi-el-nino-dan-karhutla,"
Kamis, 30 Jul 2026 20:21 WIB "
Kapolda Sumsel Instruksikan Jajaran Proaktif Turun Langsung ke Masyarakat,https://news.detik.com/nyago-bumi-sriwijaya/d-8597172/kapolda-sumsel-instruksikan-jajaran-proaktif-turun-langsung-ke-masyarakat,"
Kamis, 30 Jul 2026 15:57 WIB "
BMKG Prediksi Musim Hujan Mulai Datang pada November,https://news.detik.com/berita/d-8597149/bmkg-prediksi-musim-hujan-mulai-datang-pada-november,"
Kamis, 30 Jul 2026 15:41 WIB "
BMKG Mulai Modifikasi Cuaca Antisipasi Karhutla Saat Kemarau,https://news.detik.com/berita/d-8597055/bmkg-mulai-modifikasi-cuaca-antisipasi-karhutla-saat-kemarau,"
Kamis, 30 Jul 2026 15:03 WIB "
"BMKG Catat 5.090 Titik Potensi Karhutla Imbas Kemarau, Kalbar-Riau Terbanyak",https://news.detik.com/berita/d-8596881/bmkg-catat-5-090-titik-potensi-karhutla-imbas-kemarau-kalbar-riau-terbanyak,"
Kamis, 30 Jul 2026 13:44 WIB "
"Respons Langkah Prabowo Hadapi El Nino, Komisi IV Minta BNPB Petakan Ancaman",https://news.detik.com/berita/d-8595718/respons-langkah-prabowo-hadapi-el-nino-komisi-iv-minta-bnpb-petakan-ancaman,"
Rabu, 29 Jul 2026 17:05 WIB "
"BMKG Siap 'Bikin Hujan' di Jakarta Saat Kemarau Panjang, tapi Ada Syaratnya",https://news.detik.com/berita/d-8594662/bmkg-siap-bikin-hujan-di-jakarta-saat-kemarau-panjang-tapi-ada-syaratnya,"
Rabu, 29 Jul 2026 01:12 WIB "
"BMKG Sebut El Nino Sudah Masuk Kategori Kuat, Modifikasi Cuaca Dipercepat",https://news.detik.com/berita/d-8594498/bmkg-sebut-el-nino-sudah-masuk-kategori-kuat-modifikasi-cuaca-dipercepat,"
Selasa, 28 Jul 2026 20:38 WIB "
Gelombang Panas Perparah Kebakaran Hutan di Prancis dan Spanyol,https://news.detik.com/dw/d-8594163/gelombang-panas-perparah-kebakaran-hutan-di-prancis-dan-spanyol,"
Selasa, 28 Jul 2026 17:07 WIB "
"BMKG Prediksi El Nino Datang Lebih Cepat, Kemenhut Siapkan Antisipasi Karhutla",https://news.detik.com/berita/d-8594052/bmkg-prediksi-el-nino-datang-lebih-cepat-kemenhut-siapkan-antisipasi-karhutla,"
Selasa, 28 Jul 2026 16:26 WIB "
"Prabowo Gelar Ratas soal El Nino, AHY hingga Kepala BMKG Merapat ke Istana",https://news.detik.com/berita/d-8593936/prabowo-gelar-ratas-soal-el-nino-ahy-hingga-kepala-bmkg-merapat-ke-istana,"
Selasa, 28 Jul 2026 15:33 WIB "
Pusat Studi Kepolisian dan Lingkungan Polda Riau Jadi Living Lab Green Policing,https://news.detik.com/melindungi-tuah-marwah/d-8593641/pusat-studi-kepolisian-dan-lingkungan-polda-riau-jadi-living-lab-green-policing,"
Selasa, 28 Jul 2026 13:16 WIB "
"Kebakaran Kampung Adat di Sukabumi, 70 Rumah Ludes dan 420 Orang Ngungsi",https://news.detik.com/berita/d-8590132/kebakaran-kampung-adat-di-sukabumi-70-rumah-ludes-dan-420-orang-ngungsi,"
Sabtu, 25 Jul 2026 19:21 WIB "
Bencana Kebakaran Hutan yang Bikin Australia Gelap,https://news.detik.com/berita/d-8589990/bencana-kebakaran-hutan-yang-bikin-australia-gelap,"
Sabtu, 25 Jul 2026 17:44 WIB "
"Polda Riau Ungkap Kasus Perusakan 118 Ha Mangrove di Rohil, 2 Pelaku Dijerat",https://news.detik.com/berita/d-8588398/polda-riau-ungkap-kasus-perusakan-118-ha-mangrove-di-rohil-2-pelaku-dijerat,"
Jumat, 24 Jul 2026 13:46 WIB "
Tak Ada Sampah di Jalan! Polri dan DLH Bersih-bersih Usai Riau Bhayangkara Run,https://news.detik.com/melindungi-tuah-marwah/d-8580413/tak-ada-sampah-di-jalan-polri-dan-dlh-bersih-bersih-usai-riau-bhayangkara-run,"
Minggu, 19 Jul 2026 11:35 WIB "
Pesan Kapolda di Riau Bhayangkara Run: Jaga Alam untuk Generasi Penerus Kita,https://news.detik.com/melindungi-tuah-marwah/d-8580390/pesan-kapolda-di-riau-bhayangkara-run-jaga-alam-untuk-generasi-penerus-kita,"
Minggu, 19 Jul 2026 11:18 WIB "
15.080 Pelari Gaungkan Gerakan Lawan Karhutla di Riau Bhayangkara Run 2026,https://news.detik.com/melindungi-tuah-marwah/d-8580357/15-080-pelari-gaungkan-gerakan-lawan-karhutla-di-riau-bhayangkara-run-2026,"
Minggu, 19 Jul 2026 10:35 WIB "
Kapolda Flag Off Riau Bhayangkara Run 2026: Riau Melawan Karhutla,https://news.detik.com/melindungi-tuah-marwah/d-8580174/kapolda-flag-off-riau-bhayangkara-run-2026-riau-melawan-karhutla,"
Minggu, 19 Jul 2026 07:39 WIB "
Kapolda Riau Turun Langsung Pantau Pengambilan Bib dan Racepack RBR 2026,https://news.detik.com/melindungi-tuah-marwah/d-8578614/kapolda-riau-turun-langsung-pantau-pengambilan-bib-dan-racepack-rbr-2026,"
Jumat, 17 Jul 2026 16:46 WIB "
"Gubernur Riau Apresiasi Kapolda soal RBR 2026: Hotel Penuh, UMKM Laku Semua",https://news.detik.com/melindungi-tuah-marwah/d-8578580/gubernur-riau-apresiasi-kapolda-soal-rbr-2026-hotel-penuh-umkm-laku-semua,"
Jumat, 17 Jul 2026 16:25 WIB "
Riau Bhayangkara Run 2026: Berlari Melawan Karhutla,https://news.detik.com/melindungi-tuah-marwah/d-8576752/riau-bhayangkara-run-2026-berlari-melawan-karhutla,"
Kamis, 16 Jul 2026 13:57 WIB "
"RBR 2026 Bakal Diikuti 20 Ribu Pelari, Ada dari Kenya dan Prancis",https://news.detik.com/melindungi-tuah-marwah/d-8574979/rbr-2026-bakal-diikuti-20-ribu-pelari-ada-dari-kenya-dan-prancis,"
Rabu, 15 Jul 2026 12:37 WIB "
"Menhut Tak Ikut Rapat di DPR, Waka Komisi IV: Beliau Izin Umrah",https://news.detik.com/berita/d-8574068/menhut-tak-ikut-rapat-di-dpr-waka-komisi-iv-beliau-izin-umrah,"
Selasa, 14 Jul 2026 18:02 WIB "
"Karhutla di Kobar Kalteng, 8 Hektar Lahan Hangus Terbakar dalam 2 Hari",https://news.detik.com/berita/d-8569044/karhutla-di-kobar-kalteng-8-hektar-lahan-hangus-terbakar-dalam-2-hari,"
Jumat, 10 Jul 2026 23:45 WIB "
Wilmar Perkuat Kesiapsiagaan untuk Cegah Kebakaran Lahan Operasional,https://news.detik.com/berita/d-8568087/wilmar-perkuat-kesiapsiagaan-untuk-cegah-kebakaran-lahan-operasional,"
Jumat, 10 Jul 2026 12:38 WIB "
"Kapolri Instruksikan Optimalkan Penanganan Karhutla di Riau, Tekankan Kolaborasi",https://news.detik.com/melindungi-tuah-marwah/d-8565266/kapolri-instruksikan-optimalkan-penanganan-karhutla-di-riau-tekankan-kolaborasi,"
Rabu, 08 Jul 2026 15:01 WIB "
Kapolri Serahkan Bantuan Peralatan Penanganan Karhutla ke Polda Riau,https://news.detik.com/melindungi-tuah-marwah/d-8565235/kapolri-serahkan-bantuan-peralatan-penanganan-karhutla-ke-polda-riau,"
Rabu, 08 Jul 2026 14:42 WIB "
"Karhutla Terjadi di Kotim Kalteng, BNPB Kerahkan Heli untuk Water Bombing",https://news.detik.com/berita/d-8564807/karhutla-terjadi-di-kotim-kalteng-bnpb-kerahkan-heli-untuk-water-bombing,"
Rabu, 08 Jul 2026 11:29 WIB "
Polda Sumsel Perkuat Stabilitas Keamanan Lewat Mitigasi Karhutla OKU Timur,https://news.detik.com/nyago-bumi-sriwijaya/d-8563889/polda-sumsel-perkuat-stabilitas-keamanan-lewat-mitigasi-karhutla-oku-timur,"
Selasa, 07 Jul 2026 17:10 WIB "
"Apresiasi Kerja Nyata Kapolda, Gubri Ikut Bangga Polda Riau Raih Nugraha Sakanti",https://news.detik.com/melindungi-tuah-marwah/d-8556950/apresiasi-kerja-nyata-kapolda-gubri-ikut-bangga-polda-riau-raih-nugraha-sakanti,"
Kamis, 02 Jul 2026 15:09 WIB "
"Megawati Pimpin Rapat DPP PDIP Bareng Hasto hingga Ahok, Bahas Apa?",https://news.detik.com/berita/d-8555533/megawati-pimpin-rapat-dpp-pdip-bareng-hasto-hingga-ahok-bahas-apa,"
Rabu, 01 Jul 2026 16:04 WIB "
Polda Riau Bagikan Ribuan Masker Cegah Paparan Asap Karhutla di Pekanbaru,https://news.detik.com/melindungi-tuah-marwah/d-8634311/polda-riau-bagikan-ribuan-masker-cegah-paparan-asap-karhutla-di-pekanbaru,"
Selasa, 25 Agu 2026 22:12 WIB "
"Tembus Asap Karhutla Kampar, Brimob Polda Riau Dilengkapi Breathing Apparatus",https://news.detik.com/melindungi-tuah-marwah/d-8634284/tembus-asap-karhutla-kampar-brimob-polda-riau-dilengkapi-breathing-apparatus,"
Selasa, 25 Agu 2026 21:43 WIB "
"283 Personel Gabungan Intensifkan Pendinginan Karhutla Kampar, Hotspot Sisa 2 Titik",https://news.detik.com/melindungi-tuah-marwah/d-8634053/283-personel-gabungan-intensifkan-pendinginan-karhutla-kampar-hotspot-sisa-2-titik,"
Selasa, 25 Agu 2026 17:45 WIB "
"Karhutla Sumsel, Kapolda Pastikan Mitigasi & Pemadaman Terus Dimaksimalkan",https://news.detik.com/nyago-bumi-sriwijaya/d-8634038/karhutla-sumsel-kapolda-pastikan-mitigasi-pemadaman-terus-dimaksimalkan,"
Selasa, 25 Agu 2026 17:27 WIB "
Herman Deru Minta Warga Sumsel Kompak Hadapi Kemarau dan Karhutla,https://news.detik.com/berita/d-8634031/herman-deru-minta-warga-sumsel-kompak-hadapi-kemarau-dan-karhutla,"
Selasa, 25 Agu 2026 17:18 WIB "
Prabowo: Tahun Ini Salah Satu El Nino yang Terkuat,https://news.detik.com/berita/d-8633975/prabowo-tahun-ini-salah-satu-el-nino-yang-terkuat,"
Selasa, 25 Agu 2026 16:53 WIB "
Ketua DPD Minta Aparat Penegak Hukum Tindak Tegas Pelaku Penyebab Karhutla,https://news.detik.com/berita/d-8633924/ketua-dpd-minta-aparat-penegak-hukum-tindak-tegas-pelaku-penyebab-karhutla,"
Selasa, 25 Agu 2026 16:12 WIB "
Akademisi Apresiasi Sikap Prabowo soal Penegakan Hukum Kasus Karhutla,https://news.detik.com/berita/d-8633862/akademisi-apresiasi-sikap-prabowo-soal-penegakan-hukum-kasus-karhutla,"
Selasa, 25 Agu 2026 15:29 WIB "
"Tito Larang Buka Lahan dengan Membakar, Mardani: Libatkan Masyarakat",https://news.detik.com/berita/d-8633814/tito-larang-buka-lahan-dengan-membakar-mardani-libatkan-masyarakat,"
Selasa, 25 Agu 2026 14:53 WIB "
"Karhutla 'Kepung' IKN, Wilayah Penyangga Dilanda Kebakaran",https://news.detik.com/berita/d-8633734/karhutla-kepung-ikn-wilayah-penyangga-dilanda-kebakaran,"
Selasa, 25 Agu 2026 13:52 WIB "
Aria Bima Minta Instruksi Tito Larang Buka Lahan dengan Membakar Dikawal,https://news.detik.com/berita/d-8633578/aria-bima-minta-instruksi-tito-larang-buka-lahan-dengan-membakar-dikawal,"
Selasa, 25 Agu 2026 10:59 WIB "
"Larangan Buka Lahan dengan Membakar, PKB Ingatkan Nasib Masyarakat Adat",https://news.detik.com/berita/d-8633489/larangan-buka-lahan-dengan-membakar-pkb-ingatkan-nasib-masyarakat-adat,"
Selasa, 25 Agu 2026 09:06 WIB "
"Cegah Karhutla, Mendagri Tekankan Keterlibatan Pemda hingga Tingkat Desa",https://news.detik.com/berita/d-8633457/cegah-karhutla-mendagri-tekankan-keterlibatan-pemda-hingga-tingkat-desa,"
Selasa, 25 Agu 2026 08:52 WIB "
"Tangani Karhutla, Polri Kirim 1.500 Tabung Oksigen ke Sumatra-Kalimantan",https://news.detik.com/berita/d-8633408/tangani-karhutla-polri-kirim-1-500-tabung-oksigen-ke-sumatra-kalimantan,"
Selasa, 25 Agu 2026 07:39 WIB "
Safari Prabowo Cek Penanganan Karhutla di Sederet Provinsi,https://news.detik.com/berita/d-8633397/safari-prabowo-cek-penanganan-karhutla-di-sederet-provinsi,"
Selasa, 25 Agu 2026 07:07 WIB "
"72 Tersangka Karhutla, Legislator Minta Polri Pedomani UU terkait LH",https://news.detik.com/berita/d-8633358/72-tersangka-karhutla-legislator-minta-polri-pedomani-uu-terkait-lh,"
Selasa, 25 Agu 2026 02:37 WIB "
Hanura Dukung Pemerintah Sanksi Tegas Korporasi Terlibat Karhutla,https://news.detik.com/berita/d-8633348/hanura-dukung-pemerintah-sanksi-tegas-korporasi-terlibat-karhutla,"
Selasa, 25 Agu 2026 00:30 WIB "
"Tegas Tangani Karhutla, Polres OKU Timur Ringkus 6 Tersangka di Agustus 2026",https://news.detik.com/berita/d-8637258/tegas-tangani-karhutla-polres-oku-timur-ringkus-6-tersangka-di-agustus-2026,"
13 jam yang lalu "
"Karhutla Dekati Sumur Minyak BSP, Api di Selatan NEB#08 Dipadamkan",https://news.detik.com/berita/d-8637228/karhutla-dekati-sumur-minyak-bsp-api-di-selatan-neb-08-dipadamkan,"
13 jam yang lalu "
"Polres OKU Timur Gelar Salat Istisqa Bersama Masyarakat, Ikhtiar Atasi Karhutla",https://news.detik.com/berita/d-8637167/polres-oku-timur-gelar-salat-istisqa-bersama-masyarakat-ikhtiar-atasi-karhutla,"
14 jam yang lalu "
Pembangunan 500 Sumur Bor Dipercepat untuk Tangani Karhutla Riau,https://news.detik.com/melindungi-tuah-marwah/d-8637162/pembangunan-500-sumur-bor-dipercepat-untuk-tangani-karhutla-riau,"
14 jam yang lalu "
"Prabowo: MBG Dirasakan 62 Juta Penerima, Banyak Kekurangan Kita Selesaikan",https://news.detik.com/berita/d-8637156/prabowo-mbg-dirasakan-62-juta-penerima-banyak-kekurangan-kita-selesaikan,"
14 jam yang lalu "
Menkes Percepat Kirim Masker-Konsentrator ke Wilayah Terdampak Karhutla,https://news.detik.com/berita/d-8637152/menkes-percepat-kirim-masker-konsentrator-ke-wilayah-terdampak-karhutla,"
14 jam yang lalu "
"OMC Perkuat Penanganan Karhutla Riau, Satgas Udara Tebar 30 Ton Garam",https://news.detik.com/melindungi-tuah-marwah/d-8637012/omc-perkuat-penanganan-karhutla-riau-satgas-udara-tebar-30-ton-garam,"
15 jam yang lalu "
"Update Karhutla: 3.947 Titik Panas di Kalteng, 2.825 Hotspot di Kalbar",https://news.detik.com/berita/d-8637006/update-karhutla-3-947-titik-panas-di-kalteng-2-825-hotspot-di-kalbar,"
15 jam yang lalu "
Satgas Karhutla Kerahkan Alat Berat Sekat Kebakaran di Rimbo Panjang Kampar,https://news.detik.com/melindungi-tuah-marwah/d-8636725/satgas-karhutla-kerahkan-alat-berat-sekat-kebakaran-di-rimbo-panjang-kampar,"
17 jam yang lalu "
Menilik Ramai-ramai Pembagian Desil DTSEN,https://news.detik.com/berita/d-8636588/menilik-ramai-ramai-pembagian-desil-dtsen,"
18 jam yang lalu "
"Atasi Karhutla, Kapolda Riau Minta Perusahaan Jadi First Responder",https://news.detik.com/melindungi-tuah-marwah/d-8636581/atasi-karhutla-kapolda-riau-minta-perusahaan-jadi-first-responder,"
18 jam yang lalu "
"Hotspot Riau Turun Jadi 79 Titik, Kapolda: Kekuatan Kita Gotong Royong",https://news.detik.com/melindungi-tuah-marwah/d-8636431/hotspot-riau-turun-jadi-79-titik-kapolda-kekuatan-kita-gotong-royong,"
19 jam yang lalu "
"Sanca, King Cobra, hingga Biawak Terpanggang Karhutla di Kotim Kalteng",https://news.detik.com/berita/d-8636401/sanca-king-cobra-hingga-biawak-terpanggang-karhutla-di-kotim-kalteng,"
20 jam yang lalu "
Bupati Afni dan Direktur BSP Pastikan Sumur Minyak Aman dari Karhutla,https://news.detik.com/berita/d-8636388/bupati-afni-dan-direktur-bsp-pastikan-sumur-minyak-aman-dari-karhutla,"
20 jam yang lalu "
"Kualitas Udara Sumsel Memburuk, Unsri Palembang Terapkan Perkuliahan Daring",https://news.detik.com/berita/d-8636250/kualitas-udara-sumsel-memburuk-unsri-palembang-terapkan-perkuliahan-daring,"
21 jam yang lalu "
BRIN Jelaskan Efektivitas Tepung Singkong Padamkan Karhutla,https://news.detik.com/berita/d-8636179/brin-jelaskan-efektivitas-tepung-singkong-padamkan-karhutla,"
22 jam yang lalu "
"ISPA Meningkat Imbas Karhutla di Kotawaringin Barat, Terkini Ada 515 Kasus",https://news.detik.com/berita/d-8636169/ispa-meningkat-imbas-karhutla-di-kotawaringin-barat-terkini-ada-515-kasus,"
22 jam yang lalu "
"Kapolda Sebut Hotspot di Riau Tersisa 79 Titik, Karhutla di Kerumutan Zero",https://news.detik.com/berita/d-8636145/kapolda-sebut-hotspot-di-riau-tersisa-79-titik-karhutla-di-kerumutan-zero,"
22 jam yang lalu "
"Ikhtiar Hadapi Kemarau & Ancaman Karhutla, Polda Sumsel Gelar Salat Istisqa",https://news.detik.com/nyago-bumi-sriwijaya/d-8636101/ikhtiar-hadapi-kemarau-ancaman-karhutla-polda-sumsel-gelar-salat-istisqa,"
22 jam yang lalu "
Gerindra soal 'Menteri Tak Sanggup Silakan Minggir': Penegasan Loyalitas,https://news.detik.com/berita/d-8635932/gerindra-soal-menteri-tak-sanggup-silakan-minggir-penegasan-loyalitas,"
Kamis, 27 Agu 2026 06:21 WIB "
Wamen LH Minta Pemda Bangun Sekat Kanal di Area Gambut Rawan Karhutla,https://news.detik.com/berita/d-8635926/wamen-lh-minta-pemda-bangun-sekat-kanal-di-area-gambut-rawan-karhutla,"
Kamis, 27 Agu 2026 05:47 WIB "
Seskab: Presiden Instruksikan Bangun Infrastruktur hingga Pendidikan di Kalbar,https://news.detik.com/berita/d-8638851/seskab-presiden-instruksikan-bangun-infrastruktur-hingga-pendidikan-di-kalbar,"
9 jam yang lalu "
Polda Riau Antisipasi Karhutla di Cagar Biosfer karena Gambut Tebal,https://news.detik.com/melindungi-tuah-marwah/d-8638839/polda-riau-antisipasi-karhutla-di-cagar-biosfer-karena-gambut-tebal,"
10 jam yang lalu "
Ketua MPR: Pemerintah Serius Tangani Karhutla Meski Medan Tak Mudah,https://news.detik.com/berita/d-8638782/ketua-mpr-pemerintah-serius-tangani-karhutla-meski-medan-tak-mudah,"
11 jam yang lalu "
"Prabowo Terima Panglima Jilah, Bahas Penanganan Karhutla di Kalbar",https://news.detik.com/berita/d-8638768/prabowo-terima-panglima-jilah-bahas-penanganan-karhutla-di-kalbar,"
11 jam yang lalu "
"Menhut Sebut Penanganan Karhutla di Riau Semakin Baik, Minta Jajaran Tak Lengah",https://news.detik.com/melindungi-tuah-marwah/d-8638688/menhut-sebut-penanganan-karhutla-di-riau-semakin-baik-minta-jajaran-tak-lengah,"
12 jam yang lalu "
"Polri Terima 189 Laporan soal Karhutla di Indonesia, 89 Orang Jadi Tersangka",https://news.detik.com/berita/d-8638456/polri-terima-189-laporan-soal-karhutla-di-indonesia-89-orang-jadi-tersangka,"
15 jam yang lalu "
"Udara di Kotim Kalteng Masuk Zona Berbahaya, Warga Diminta Waspada",https://news.detik.com/berita/d-8638399/udara-di-kotim-kalteng-masuk-zona-berbahaya-warga-diminta-waspada,"
15 jam yang lalu "
"Bukan Musim Panas Normal, Sains Bantah Penyangkal Perubahan Iklim",https://news.detik.com/dw/d-8638294/bukan-musim-panas-normal-sains-bantah-penyangkal-perubahan-iklim,"
16 jam yang lalu "
Polda Riau Komitmen Tindak Tegas Pelaku Karhutla Tanpa Kompromi!,https://news.detik.com/melindungi-tuah-marwah/d-8638193/polda-riau-komitmen-tindak-tegas-pelaku-karhutla-tanpa-kompromi,"
17 jam yang lalu "
Polda Riau: Karhutla Mayoritas karena Kesengajaan untuk Buka Lahan Sawit,https://news.detik.com/melindungi-tuah-marwah/d-8638017/polda-riau-karhutla-mayoritas-karena-kesengajaan-untuk-buka-lahan-sawit,"
18 jam yang lalu "
"Polda Riau Ungkap 37 Kasus Karhutla, 40 Orang Jadi Tersangka",https://news.detik.com/melindungi-tuah-marwah/d-8637920/polda-riau-ungkap-37-kasus-karhutla-40-orang-jadi-tersangka,"
19 jam yang lalu "
"Kebakaran di Gunung Arjuno-Welirang, 334 Hektare Lahan Hangus",https://news.detik.com/berita/d-8637748/kebakaran-di-gunung-arjuno-welirang-334-hektare-lahan-hangus,"
21 jam yang lalu "
"72.431 Kasus ISPA di Kalteng Imbas Karhutla, Terbanyak di Palangka Raya",https://news.detik.com/berita/d-8637705/72-431-kasus-ispa-di-kalteng-imbas-karhutla-terbanyak-di-palangka-raya,"
22 jam yang lalu "
Polres Rohil Patroli Pastikan Tak Ada Aktivitas Kebun di Lahan Eks Karhutla,https://news.detik.com/melindungi-tuah-marwah/d-8637691/polres-rohil-patroli-pastikan-tak-ada-aktivitas-kebun-di-lahan-eks-karhutla,"
22 jam yang lalu "
"Cegah ISPA akibat Karhutla, Kapolda Sumsel Bagikan Ribuan Masker",https://news.detik.com/nyago-bumi-sriwijaya/d-8637639/cegah-ispa-akibat-karhutla-kapolda-sumsel-bagikan-ribuan-masker,"
23 jam yang lalu "
Polisi Tetapkan 1 Tersangka Kasus Kebakaran 5 Hektare Lahan di Pelalawan,https://news.detik.com/melindungi-tuah-marwah/d-8637587/polisi-tetapkan-1-tersangka-kasus-kebakaran-5-hektare-lahan-di-pelalawan,"
23 jam yang lalu "
PKB Dorong Hujan Buatan dan Perbanyak Water Bombing untuk Atasi Karhutla,https://news.detik.com/berita/d-8637530/pkb-dorong-hujan-buatan-dan-perbanyak-water-bombing-untuk-atasi-karhutla,"
Jumat, 28 Agu 2026 07:11 WIB "
Legislator Sebut Tenaga Medis Kemenkes Segera Turun Atasi ISPA Buntut Karhutla,https://news.detik.com/berita/d-8637502/legislator-sebut-tenaga-medis-kemenkes-segera-turun-atasi-ispa-buntut-karhutla,"
Jumat, 28 Agu 2026 06:24 WIB "
"Karhutla di Ponorogo, Asap Mengarah ke Permukiman Warga",https://news.detik.com/berita/d-8637455/karhutla-di-ponorogo-asap-mengarah-ke-permukiman-warga,"
Jumat, 28 Agu 2026 00:48 WIB "
